EMPLOYEE_ID,FIRST_NAME,LAST_NAME,EMAIL_ID,AGE,GENDER,CURRENCY_code,SALARY_AMOUNT,ACCOUNT_NUMBER,BANK_NAME,IFSC_CODE,CUSTOMER_customer_id
1,Knox,Paeckmeyer,kpaeckmeyer0@surveymonkey.com,55,Male,CNY,8775.76,84-186-2262,SBI,153717151-8,5
2,Felic,Vasyanin,fvasyanin1@google.cn,48,Male,SEK,7486.98,49-373-5936,HDFC,097211532-3,26
3,Alina,Nanni,ananni2@sciencedirect.com,95,Female,SEK,5823.48,04-344-4371,AXIS,438722596-3,12
4,Shellysheldon,Hailey,shailey3@businessinsider.com,53,Male,PKR,5820.04,52-119-3382,ICICI,169501027-2,3
5,Seka,Kemster,skemster4@woothemes.com,35,Female,RUB,7266.07,75-140-1084,SBI,254454314-0,30
6,Nicoline,Dallyn,ndallyn5@4shared.com,88,Female,PLN,6988.32,48-448-7328,ICICI,598952203-7,18
7,Bridie,Woolfoot,bwoolfoot6@senate.gov,84,Female,BGN,9849.43,87-452-8049,SBI,548863979-9,29
8,Kennett,Mintram,kmintram7@cisco.com,22,Male,RUB,6653.36,77-612-9083,KOTAK,717911344-1,29
9,Tris,Whightman,twhightman8@oracle.com,28,Male,IDR,5857.84,24-017-0639,HDFC,961211382-3,24
10,Analiese,Corran,acorran9@wordpress.org,1,Female,PHP,6895.15,24-968-6113,KOTAK,068386536-6,32
11,Oby,Lewisham,olewishama@prnewswire.com,45,Male,CNY,8680.95,08-031-0626,SBI,511471354-X,37
12,Patten,Ballendine,pballendineb@homestead.com,73,Male,IRR,9230.11,62-441-8268,KOTAK,685920317-X,14
13,Torrence,Gusticke,tgustickec@blogs.com,76,Male,SEK,9084.18,70-961-7536,KOTAK,217025527-3,36
14,Sibby,Devonport,sdevonportd@dion.ne.jp,79,Female,PHP,6636.34,42-846-2189,SBI,950847373-8,13
15,Holden,Grinston,hgrinstone@theguardian.com,2,Male,PLN,6963.79,30-624-0713,ICICI,696684769-0,38
16,Galvan,McCromley,gmccromleyf@youtu.be,19,Male,CNY,5102.3,21-436-1702,ICICI,486725687-0,5
17,Gordan,Rouch,grouchg@yellowbook.com,19,Male,IDR,3843.94,19-111-1317,AXIS,736435806-4,39
18,Burnaby,Adamik,badamikh@slate.com,82,Male,CNY,9328.71,43-637-6359,HDFC,307132343-3,40
19,Siegfried,Tyrie,styriei@yale.edu,62,Male,CNY,5599.5,78-377-8986,ICICI,192703888-X,11
20,Terry,Cutmare,tcutmarej@shop-pro.jp,19,Female,UAH,5850.46,09-744-9512,SBI,640897051-6,3
21,Mollee,Iles,milesk@feedburner.com,61,Female,CNY,9511.04,33-307-8507,ICICI,250217461-9,38
22,Aldric,Gosling,agoslingl@toplist.cz,15,Male,ILS,8034.71,56-365-3001,SBI,119528313-X,34
23,Bond,Bartosinski,bbartosinskim@google.fr,5,Male,PLN,9032.75,83-828-7203,AXIS,972930880-2,24
24,Fransisco,Tenbrug,ftenbrugn@yale.edu,61,Male,IDR,7670.46,46-024-0565,ICICI,466113964-X,13
25,Arri,Scarre,ascarreo@sakura.ne.jp,88,Male,UAH,6442.01,96-578-1536,ICICI,400639635-X,26
26,Mina,Turpin,mturpinp@dyndns.org,52,Female,EUR,7185.01,37-512-1452,ICICI,762987451-0,46
27,Gabi,Gelsthorpe,ggelsthorpeq@newsvine.com,34,Male,PLN,3415.56,55-203-7452,ICICI,429380044-1,34
28,Silas,Stienton,sstientonr@msu.edu,39,Male,COP,6877.12,54-804-0288,KOTAK,567173446-0,26
29,Brion,Bennellick,bbennellicks@unc.edu,86,Male,JPY,4833.26,86-160-2254,SBI,585897336-1,13
30,Darlleen,Merriment,dmerrimentt@twitter.com,73,Female,EUR,7380.64,02-092-4803,AXIS,047462834-5,21
31,Rey,Ferencz,rferenczu@yahoo.co.jp,38,Male,PHP,3188.02,15-378-6049,SBI,788264772-1,25
32,Jacklyn,Origan,joriganv@flickr.com,16,Female,THB,9761.1,15-542-3303,SBI,947768735-9,20
33,Carma,Rauprich,crauprichw@addtoany.com,30,Female,UAH,3532.39,83-465-5495,HDFC,328407820-7,14
34,Gay,Christoffe,gchristoffex@hostgator.com,58,Male,PHP,5103.56,51-890-9613,HDFC,711269786-7,27
35,Heinrick,Biggadyke,hbiggadykey@cornell.edu,5,Male,CNY,7431.7,80-860-5789,HDFC,922546933-0,13
36,Bethina,Tills,btillsz@cocolog-nifty.com,71,Female,TWD,5242.69,72-393-7470,ICICI,476947366-4,19
37,Carny,De Vries,cdevries10@craigslist.org,83,Male,CNY,3526.08,76-240-4765,KOTAK,898283720-5,41
38,Almire,Springate,aspringate11@prnewswire.com,35,Female,CNY,7042.17,93-805-4362,HDFC,886769262-3,1
39,Rutledge,Arkwright,rarkwright12@youtu.be,33,Male,SLL,8239.06,70-432-5489,ICICI,488135679-8,18
40,Ozzie,Lammas,olammas13@smh.com.au,40,Male,EUR,3525.48,24-561-7895,ICICI,741709518-6,39
41,Diarmid,Selwood,dselwood14@php.net,81,Male,BYR,3891.58,46-778-8506,SBI,010286604-X,8
42,Fredric,Skoggins,fskoggins15@technorati.com,97,Male,CZK,9864.16,13-252-1412,SBI,880175370-5,29
43,Rickie,Friskey,rfriskey16@state.tx.us,94,Female,CNY,5472.49,56-434-7108,AXIS,785395260-0,32
44,Shirline,Minette,sminette17@creativecommons.org,62,Female,JPY,4767.13,74-306-0087,SBI,532917491-0,2
45,Ozzy,Giovannazzi,ogiovannazzi18@timesonline.co.uk,57,Male,CNY,7607.75,65-847-0893,AXIS,199479051-2,20
46,Ara,Gittose,agittose19@google.de,4,Male,ZAR,5683.74,02-421-1229,SBI,106929249-4,27
47,Babb,Miche,bmiche1a@alibaba.com,42,Female,XAF,3127.48,39-836-2204,HDFC,617819596-6,28
48,Ashlee,Demchen,ademchen1b@amazon.co.uk,59,Female,EUR,6180.76,71-430-6745,ICICI,098970462-9,8
49,Stephanus,Sandall,ssandall1c@digg.com,86,Male,XAF,5699.17,02-106-2499,SBI,402709288-0,29
50,Freedman,Butlin,fbutlin1d@unblog.fr,12,Male,CNY,4882.29,85-646-7414,ICICI,278456219-0,49
51,Arnie,Von Salzberg,avonsalzberg1e@wix.com,48,Male,BRL,9965.02,78-222-6094,ICICI,203037997-2,24
52,Zara,Ganforthe,zganforthe1f@walmart.com,83,Female,THB,3335.6,68-855-9587,ICICI,821270899-3,28
53,Alastair,Myerscough,amyerscough1g@aol.com,81,Male,PHP,9594.31,30-755-1085,KOTAK,549039531-1,35
54,Craggie,Samsonsen,csamsonsen1h@gizmodo.com,11,Male,CNY,9719.51,50-527-9282,AXIS,227887019-X,3
55,Allison,Copley,acopley1i@wikispaces.com,2,Female,EUR,8026.24,00-921-3740,AXIS,984203900-5,4
56,Iseabal,Muselli,imuselli1j@bbc.co.uk,87,Female,CNY,4965.81,55-816-0601,SBI,211244269-4,11
57,Davide,Mochar,dmochar1k@barnesandnoble.com,43,Male,EUR,8532.96,42-107-4620,ICICI,034476356-0,26
58,Rebbecca,Shimwall,rshimwall1l@google.de,39,Female,GTQ,4556.41,78-497-3722,AXIS,555776568-9,17
59,Kristel,Foden,kfoden1m@wunderground.com,100,Female,PLN,4244.54,05-733-2247,ICICI,364495313-9,16
60,Warner,Bellew,wbellew1n@cisco.com,22,Male,BRL,5926.02,77-863-7219,AXIS,019069014-3,5
61,Minta,Crabtree,mcrabtree1o@admin.ch,90,Female,AED,3609.85,93-392-7819,KOTAK,147358407-8,45
62,Orly,Insworth,oinsworth1p@alibaba.com,26,Female,PHP,9133.86,37-649-5688,HDFC,957230600-6,34
63,Marla,MacCaghan,mmaccaghan1q@digg.com,24,Female,EUR,6232.37,36-324-6760,AXIS,079904126-2,4
64,Farleigh,Berthe,fberthe1r@auda.org.au,1,Male,IDR,3534.84,39-531-4605,KOTAK,549300367-8,39
65,Mozelle,Twitching,mtwitching1s@bing.com,55,Female,PHP,8705.01,29-862-0479,HDFC,979027038-0,3
66,Saul,Bootell,sbootell1t@miitbeian.gov.cn,7,Male,PYG,4999.4,47-099-8954,HDFC,608754563-8,49
67,Marius,Pirot,mpirot1u@skyrock.com,29,Male,EUR,5941.85,89-031-1525,HDFC,633766105-2,41
68,Ashton,Thebeaud,athebeaud1v@tmall.com,9,Male,CNY,9976.53,39-951-3466,SBI,255672903-1,39
69,Pamelina,Corson,pcorson1w@yolasite.com,80,Female,PHP,9996.87,74-689-8148,KOTAK,801852240-5,35
70,Gabriel,Stealfox,gstealfox1x@moonfruit.com,9,Female,SEK,3356.2,55-616-7919,SBI,586689618-4,13
71,Ky,Bertwistle,kbertwistle1y@zimbio.com,98,Male,TZS,3657.9,84-857-0973,SBI,446288122-2,22
72,Franchot,Ungerechts,fungerechts1z@engadget.com,47,Male,LKR,8379.78,23-044-9390,KOTAK,217418916-X,24
73,Mavis,Barrabeale,mbarrabeale20@hubpages.com,11,Female,EUR,5947.58,90-845-7995,KOTAK,997432587-0,41
74,Rustie,Gantzman,rgantzman21@theguardian.com,30,Male,PHP,7628.14,37-497-5456,HDFC,846693501-0,2
75,Zaccaria,Parrett,zparrett22@creativecommons.org,76,Male,CNY,5932.93,55-161-1057,ICICI,205126780-4,46
76,Nelie,Gumb,ngumb23@cocolog-nifty.com,24,Female,XAF,3401.29,63-619-9394,SBI,850140062-9,37
77,Jeane,Meenehan,jmeenehan24@illinois.edu,41,Female,HRK,7372.52,81-426-6092,SBI,505876792-9,33
78,Akim,Byng,abyng25@shutterfly.com,63,Male,PLN,7856.75,26-624-3038,SBI,770897534-4,1
79,Stanley,McGavin,smcgavin26@google.ru,89,Male,IDR,6337.93,26-195-1651,SBI,623772046-4,34
80,Alys,Ingerman,aingerman27@surveymonkey.com,92,Female,PKR,3577.88,26-697-9220,SBI,494599733-0,19
81,Gael,Libbey,glibbey28@a8.net,32,Male,RUB,4563.2,78-620-0371,KOTAK,979067231-4,14
82,Silva,Glencross,sglencross29@liveinternet.ru,99,Female,CNY,7620.87,87-439-3235,ICICI,490452056-4,44
83,Liliane,Furtado,lfurtado2a@t.co,9,Female,PKR,3185.18,98-659-0425,AXIS,683124131-X,17
84,Madelyn,Jeandon,mjeandon2b@businessinsider.com,25,Female,USD,4159.61,03-204-0559,KOTAK,188481388-7,31
85,Sebastien,Faulconbridge,sfaulconbridge2c@bbc.co.uk,16,Male,CNY,7610.41,85-313-4194,ICICI,442313056-4,39
86,Marna,McElwee,mmcelwee2d@cyberchimps.com,77,Female,PHP,5352.94,31-266-0853,HDFC,006423757-5,34
87,Stanislaw,Turgoose,sturgoose2e@php.net,6,Male,BGN,9242.38,85-038-8760,KOTAK,401377641-3,5
88,Rolf,Itzhayek,ritzhayek2f@hao123.com,79,Male,RUB,7958.89,98-014-0656,HDFC,914977637-1,36
89,Siobhan,Pickervance,spickervance2g@flavors.me,31,Female,RUB,7745.08,11-307-8814,HDFC,896262760-4,21
90,Stephine,Cavill,scavill2h@is.gd,28,Female,BRL,9588.87,58-101-2129,AXIS,523331157-7,22
91,Tye,Erskine Sandys,terskinesandys2i@cisco.com,43,Male,IDR,5350.78,13-312-3089,AXIS,919962912-7,5
92,Walton,Curle,wcurle2j@edublogs.org,85,Male,RUB,4226.94,83-389-3327,HDFC,770308063-2,14
93,Waldo,Marchbank,wmarchbank2k@mashable.com,2,Male,EUR,5120.69,41-460-7029,AXIS,193477067-1,29
94,Alaster,Abrahmovici,aabrahmovici2l@simplemachines.org,67,Male,COP,6107.4,72-043-6159,HDFC,970112950-4,18
95,Gianina,Bauser,gbauser2m@webmd.com,70,Female,RUB,8373.7,83-658-6785,ICICI,559481045-5,32
96,Yankee,Devonshire,ydevonshire2n@hao123.com,94,Male,EUR,3704.3,39-993-4137,KOTAK,277568279-0,44
97,Alice,Aldins,aaldins2o@woothemes.com,41,Female,BRL,8589.47,85-685-3831,ICICI,367726402-2,29
98,Roz,Brolechan,rbrolechan2p@cnbc.com,92,Female,CNY,6887.12,23-899-9373,SBI,163212383-5,19
99,Kin,Clemmow,kclemmow2q@hatena.ne.jp,13,Male,CNY,4527.09,87-869-0354,KOTAK,678426921-7,36
100,Judon,Mandel,jmandel2r@bizjournals.com,41,Male,EUR,8837.03,21-204-7058,AXIS,647313230-9,3
101,Elena,Fearney,efearney2s@dagondesign.com,60,Female,CNY,3401.17,62-642-0473,HDFC,310905031-5,44
102,Myrtle,Adriaens,madriaens2t@techcrunch.com,82,Female,IRR,3355.86,10-586-4665,KOTAK,341381196-7,37
103,Cleve,Fender,cfender2u@eepurl.com,53,Male,CNY,3782.51,49-572-6254,SBI,187789677-2,9
104,Moise,Kyle,mkyle2v@earthlink.net,12,Male,EUR,9934.52,26-590-1101,ICICI,644827946-6,11
105,Felike,Warbrick,fwarbrick2w@vinaora.com,55,Male,OMR,4584.21,28-038-1478,ICICI,612402762-3,36
106,Orton,Skyppe,oskyppe2x@theglobeandmail.com,93,Male,ETB,9237.66,09-192-1866,SBI,804699356-5,7
107,Jocko,Grane,jgrane2y@china.com.cn,66,Male,CNY,7379.28,00-664-9243,KOTAK,496880067-3,50
108,Laurella,Bartczak,lbartczak2z@free.fr,2,Female,BRL,8473.72,00-597-2812,SBI,936074170-1,1
109,Konstanze,Caren,kcaren30@tmall.com,24,Female,EUR,3763.17,70-376-3146,AXIS,400813795-5,40
110,Ephrayim,Bryer,ebryer31@shop-pro.jp,52,Male,EUR,9358.67,75-552-8255,ICICI,698941032-9,30
111,Dominga,McGowan,dmcgowan32@goo.ne.jp,29,Female,MXN,3280.8,34-409-4931,SBI,429185652-0,38
112,Federico,Brendel,fbrendel33@harvard.edu,90,Male,PLN,3897.73,13-146-2395,ICICI,277809059-2,15
113,Chase,Edgerley,cedgerley34@cornell.edu,27,Male,AZN,9423.3,65-059-8986,KOTAK,408392922-7,33
114,Odelia,Shilton,oshilton35@about.com,34,Female,CNY,5440.07,57-163-4963,SBI,389146881-4,10
115,Hadrian,Uppett,huppett36@economist.com,39,Male,THB,9593.71,10-801-9899,SBI,860065569-2,26
116,Arney,Pate,apate37@unc.edu,28,Male,IDR,3429.37,28-421-8919,KOTAK,416179415-0,49
117,Brand,Thurman,bthurman38@google.co.jp,27,Male,CNY,6243.66,68-053-4854,KOTAK,733663005-7,9
118,Thadeus,Salliere,tsalliere39@cargocollective.com,72,Male,CNY,3582.33,61-801-7208,HDFC,881211412-1,44
119,Theodor,Goncaves,tgoncaves3a@youtu.be,77,Male,SEK,7070.88,57-544-2248,SBI,546451569-0,7
120,Brier,Vigietti,bvigietti3b@merriam-webster.com,40,Female,CLP,5612.59,05-687-7491,SBI,312947427-7,23
121,Sheilakathryn,Ravilious,sravilious3c@technorati.com,19,Female,EUR,9970.96,12-513-7510,HDFC,469685939-8,19
122,Ignaz,Thompkins,ithompkins3d@issuu.com,78,Male,CNY,4195.6,02-823-1671,KOTAK,344631038-X,20
123,Micah,Ryson,mryson3e@clickbank.net,50,Male,PLN,6365.52,15-334-1689,KOTAK,421073677-5,45
124,Pall,Woollhead,pwoollhead3f@sakura.ne.jp,15,Male,JPY,7972.99,08-067-9188,SBI,249008319-8,1
125,Janos,Rodson,jrodson3g@blinklist.com,58,Male,CNY,6377.58,13-051-6701,AXIS,781593714-4,12
126,Natalie,Broggio,nbroggio3h@mapy.cz,99,Female,VEF,7433.02,51-621-7867,SBI,215013614-7,40
127,Gusta,Deaves,gdeaves3i@networkadvertising.org,26,Female,HRK,7642.26,40-145-7336,KOTAK,237545359-X,30
128,Nanice,Alexandrescu,nalexandrescu3j@ow.ly,41,Female,COP,8251.35,97-167-8775,AXIS,242527181-3,15
129,Zabrina,Wraggs,zwraggs3k@jalbum.net,48,Female,CZK,9584.43,66-265-3386,KOTAK,904050232-3,22
130,Aguste,Stoggell,astoggell3l@china.com.cn,55,Male,CNY,8824.68,16-310-2094,KOTAK,682726543-9,37
131,Vivien,McIlwaine,vmcilwaine3m@nba.com,88,Female,NGN,8925.87,57-414-7235,SBI,595439471-7,15
132,Reinaldo,Satford,rsatford3n@thetimes.co.uk,61,Male,EUR,9567.2,16-986-5853,KOTAK,394049416-X,50
133,Consalve,Drennan,cdrennan3o@fc2.com,60,Male,JPY,6472.09,07-742-2255,SBI,131859903-2,44
134,Florance,Hebron,fhebron3p@odnoklassniki.ru,100,Female,RUB,8820.19,96-958-5030,KOTAK,549780529-9,49
135,Wenda,Nisot,wnisot3q@theguardian.com,49,Female,USD,8568.81,18-496-9155,ICICI,535287033-2,28
136,Olga,Scotts,oscotts3r@guardian.co.uk,27,Female,UZS,6830.45,10-542-0894,SBI,581849677-5,18
137,Ermin,Crayker,ecrayker3s@printfriendly.com,83,Male,IDR,5650.53,70-279-6902,AXIS,063859922-9,8
138,Marilin,Dudding,mdudding3t@infoseek.co.jp,49,Female,BTN,8271.86,09-953-7344,HDFC,176421447-1,47
139,Anet,Pledger,apledger3u@nydailynews.com,82,Female,PLN,8883.28,76-903-2331,KOTAK,339458593-6,8
140,Rabi,Adamovitch,radamovitch3v@storify.com,80,Male,BRL,5498.56,52-294-7419,SBI,621992955-1,5
141,Artie,Gorvette,agorvette3w@odnoklassniki.ru,14,Male,PEN,6318.97,61-544-2250,HDFC,013031018-2,1
142,Julietta,Ofener,jofener3x@illinois.edu,69,Female,USD,7803.75,69-338-5551,AXIS,496670150-3,4
143,Allyson,Ferrick,aferrick3y@theguardian.com,4,Female,IDR,8283.8,33-304-4220,KOTAK,581030532-6,1
144,Mordecai,Barraclough,mbarraclough3z@vimeo.com,50,Male,MXN,6851.84,23-831-9972,ICICI,292573631-9,2
145,Mordy,Germaine,mgermaine40@dyndns.org,69,Male,MXN,4054.8,38-794-9203,AXIS,967572209-6,17
146,Kristen,Petschelt,kpetschelt41@home.pl,80,Female,CNY,4472.48,79-344-3247,ICICI,513961409-X,24
147,Antonietta,Pratt,apratt42@cbsnews.com,49,Female,RUB,4492.91,68-362-0012,ICICI,753973117-6,19
148,Sigfried,Kopps,skopps43@yolasite.com,24,Male,EUR,5917.67,47-432-5230,ICICI,591200318-3,29
149,Tades,Whittingham,twhittingham44@com.com,54,Male,JPY,8661.2,74-062-4356,AXIS,455430423-X,38
150,Alf,Clineck,aclineck45@wix.com,90,Male,CNY,8385.46,96-984-7896,HDFC,288468451-4,18
151,Erin,Dagleas,edagleas46@blinklist.com,60,Male,NOK,8533.58,83-383-7626,SBI,751092758-7,5
152,Orelie,Bonnette,obonnette47@google.ru,71,Female,CNY,4550.59,93-019-0140,ICICI,661321875-8,32
153,Danny,Hirsch,dhirsch48@slate.com,41,Female,CNY,4229.72,49-159-0700,AXIS,967451602-6,9
154,Tiffani,Quinell,tquinell49@slashdot.org,14,Female,UAH,4431.71,21-398-3989,AXIS,171938992-6,36
155,Jemmie,Eeles,jeeles4a@zimbio.com,80,Female,CNY,3820.5,74-028-2601,SBI,581657215-6,47
156,Darrick,O' Scallan,doscallan4b@goodreads.com,59,Male,CNY,6645.89,26-517-7131,AXIS,932216145-0,39
157,Rice,Hingeley,rhingeley4c@lycos.com,51,Male,EUR,3217.41,55-231-5445,AXIS,074360752-X,38
158,Evy,Baytrop,ebaytrop4d@nyu.edu,87,Female,SYP,3265.23,03-902-6575,HDFC,843272528-5,29
159,Jehu,Planks,jplanks4e@cargocollective.com,68,Male,JPY,7112.4,05-208-5550,ICICI,541634350-8,32
160,Bennie,Bodicam,bbodicam4f@posterous.com,53,Male,CAD,9933.76,12-301-8404,HDFC,981832578-8,49
161,Rosalinda,Hedworth,rhedworth4g@cbslocal.com,28,Female,EUR,4500.79,06-479-2414,HDFC,523608534-9,39
162,Andra,Sinkings,asinkings4h@freewebs.com,73,Female,CNY,5773.52,08-747-4190,HDFC,273459518-4,22
163,Sebastiano,Dobbins,sdobbins4i@gov.uk,100,Male,SEK,4281.27,46-443-1459,HDFC,603398092-1,23
164,Lonna,Wickham,lwickham4j@furl.net,81,Female,EUR,9314.92,44-991-8316,KOTAK,022310310-1,23
165,Ethan,Hydes,ehydes4k@businesswire.com,32,Male,EUR,5430.81,58-264-8408,KOTAK,004689043-2,5
166,Graham,Norris,gnorris4l@reverbnation.com,20,Male,PYG,6478.66,23-808-5488,AXIS,528286715-X,20
167,Rip,Llewelly,rllewelly4m@prweb.com,74,Male,EUR,7056.21,75-175-4227,AXIS,574429694-8,5
168,Garold,Tasker,gtasker4n@gravatar.com,24,Male,SEK,5463.28,79-402-7016,AXIS,023572381-9,40
169,Willard,Cracoe,wcracoe4o@accuweather.com,15,Male,VND,5712.25,99-984-4780,KOTAK,494465521-5,33
170,Agna,Dantesia,adantesia4p@github.io,43,Female,CNY,6593.4,68-700-2900,SBI,927435050-3,44
171,Harold,McCarron,hmccarron4q@cam.ac.uk,32,Male,EUR,7532.78,84-729-2805,ICICI,951712956-4,25
172,Emili,Tureville,etureville4r@foxnews.com,14,Female,CNY,4296.74,43-850-1084,HDFC,092252110-7,18
173,Filbert,Lowndesbrough,flowndesbrough4s@posterous.com,12,Male,IDR,6874.34,52-459-0460,SBI,813444510-1,24
174,Gerrilee,Pistol,gpistol4t@blogspot.com,87,Female,CAD,5503.86,32-527-6479,HDFC,869675830-7,13
175,Kelly,O'Looney,kolooney4u@imageshack.us,25,Female,EGP,8204.28,81-101-3594,ICICI,356889045-3,39
176,Marylin,Beecraft,mbeecraft4v@japanpost.jp,60,Female,PEN,3112.54,53-595-1023,ICICI,606569866-0,32
177,Melantha,Mariette,mmariette4w@trellian.com,32,Female,CNY,7131.25,98-916-8391,AXIS,723677347-6,45
178,Wallas,Gwyneth,wgwyneth4x@businesswire.com,10,Male,SEK,3235.0,35-310-1805,AXIS,039409691-6,49
179,Laughton,Abramamovh,labramamovh4y@addthis.com,82,Male,CNY,8037.25,45-061-2179,HDFC,283604543-4,3
180,Yulma,Offiler,yoffiler4z@nyu.edu,93,Male,IDR,9652.97,88-530-9110,AXIS,698463633-7,30
181,Anet,Oughtright,aoughtright50@360.cn,52,Female,EUR,8965.26,44-348-9878,HDFC,641937325-5,5
182,Olia,Grubb,ogrubb51@simplemachines.org,81,Female,CNY,7421.29,19-851-6414,SBI,201806795-8,23
183,Bryanty,Scholtis,bscholtis52@dell.com,16,Male,ZAR,5147.86,43-482-0944,ICICI,115447803-3,19
184,Gottfried,Methley,gmethley53@dagondesign.com,75,Male,CNY,7173.42,17-139-7200,KOTAK,239414636-2,45
185,Ardenia,Comizzoli,acomizzoli54@newyorker.com,82,Female,PKR,9292.5,87-765-0122,KOTAK,604375986-1,49
186,Gilligan,Bruin,gbruin55@nyu.edu,2,Female,USD,5401.25,63-591-6837,SBI,347645311-1,11
187,Trace,Webley,twebley56@virginia.edu,17,Male,CNY,4528.47,33-908-9357,HDFC,312881511-9,35
188,Murvyn,Chittim,mchittim57@phpbb.com,19,Male,EUR,6636.0,10-464-4009,KOTAK,924407947-X,25
189,De witt,Sliman,dsliman58@gravatar.com,66,Male,CNY,4157.95,48-585-7707,AXIS,123978537-2,43
190,Jesus,Cheyne,jcheyne59@google.co.jp,94,Male,EUR,3054.04,83-918-8589,SBI,065901312-6,44
191,Noble,Schoenfisch,nschoenfisch5a@dyndns.org,5,Male,USD,8942.21,39-607-0756,ICICI,000811458-7,31
192,Gwennie,Lindfors,glindfors5b@msn.com,44,Female,CNY,4249.11,34-788-1960,SBI,947129196-8,36
193,Leontyne,Abadam,labadam5c@eventbrite.com,26,Female,CNY,5758.44,69-609-7311,AXIS,397810866-6,47
194,Ambrose,Licciardiello,alicciardiello5d@altervista.org,35,Male,CNY,4535.41,52-412-0661,SBI,608463712-4,24
195,Darya,Van Cassel,dvancassel5e@lulu.com,92,Female,EUR,6846.79,56-385-7421,HDFC,508864014-5,41
196,Valery,Piquard,vpiquard5f@ow.ly,79,Female,PHP,5888.63,52-133-4489,ICICI,060919359-7,45
197,Nyssa,McClaurie,nmcclaurie5g@furl.net,65,Female,IDR,8479.66,43-854-3819,HDFC,493739992-6,44
198,Brendon,Di Boldi,bdiboldi5h@nytimes.com,84,Male,RUB,6299.0,09-624-7610,KOTAK,692082673-9,12
199,Dell,Baird,dbaird5i@slate.com,46,Male,ETB,5362.99,08-188-0733,SBI,580942764-2,25
200,Janeczka,McAmish,jmcamish5j@mac.com,21,Female,THB,6525.97,02-746-7733,KOTAK,796079815-X,43
201,Edie,Malter,emalter5k@ehow.com,10,Female,CNY,9264.19,18-160-5399,KOTAK,031055165-X,48
202,Fae,Marciek,fmarciek5l@vkontakte.ru,4,Female,MWK,7228.85,17-119-1644,AXIS,059946132-2,20
203,Tatum,Di Domenico,tdidomenico5m@studiopress.com,100,Female,EUR,5690.31,91-903-6062,ICICI,081929971-5,43
204,Ianthe,Pycock,ipycock5n@home.pl,86,Female,EUR,7016.96,69-296-1125,ICICI,065255101-7,48
205,Abelard,Melling,amelling5o@posterous.com,38,Male,RUB,8832.18,47-966-1674,HDFC,435843229-8,30
206,Esme,Stowe,estowe5p@t-online.de,29,Female,XPF,7593.58,22-274-4364,HDFC,686827528-5,27
207,Frannie,Hearle,fhearle5q@walmart.com,39,Female,PLN,4212.73,51-982-0535,AXIS,177554667-5,45
208,Keven,Fallows,kfallows5r@intel.com,9,Male,PHP,6004.24,13-237-8954,KOTAK,501451586-X,40
209,Astrix,Semon,asemon5s@seattletimes.com,98,Female,XOF,4597.2,42-787-7000,HDFC,496389369-X,19
210,Laurianne,Eilles,leilles5t@nbcnews.com,36,Female,RUB,4146.63,41-593-1631,HDFC,236571477-3,29
211,Christie,Ledeker,cledeker5u@wsj.com,96,Female,CNY,4937.87,95-943-4811,KOTAK,183836045-X,34
212,Umberto,Heare,uheare5v@google.com,5,Male,EUR,8742.93,98-853-0657,KOTAK,449898931-7,38
213,Jillie,Nutbeam,jnutbeam5w@de.vu,100,Female,NOK,4211.61,71-372-2130,HDFC,890909148-7,21
214,Hermon,Jewster,hjewster5x@biglobe.ne.jp,32,Male,CNY,8138.23,98-272-0869,ICICI,238483586-6,43
215,Liz,Glasscott,lglasscott5y@bloomberg.com,80,Female,HTG,5980.71,16-550-7672,AXIS,828302110-9,12
216,Arline,Stadding,astadding5z@photobucket.com,15,Female,CNY,7927.18,95-636-3634,AXIS,974840355-6,17
217,Stefan,Gillean,sgillean60@blogger.com,97,Male,CZK,3470.45,54-120-5330,AXIS,801920803-8,18
218,Mayer,Nicklen,mnicklen61@geocities.jp,51,Male,CZK,3677.96,06-255-5673,AXIS,076878128-0,28
219,Solomon,Stearne,sstearne62@t.co,53,Male,EUR,5810.19,84-725-2488,HDFC,402800433-0,1
220,Petronella,Baldoni,pbaldoni63@dell.com,30,Female,IDR,4200.93,12-220-7686,KOTAK,566810954-2,37
221,Osbert,Shinner,oshinner64@utexas.edu,34,Male,PHP,4402.05,76-013-4670,KOTAK,858341489-0,37
222,Brian,Pulsford,bpulsford65@salon.com,52,Male,RUB,7850.61,68-675-9074,ICICI,286240912-X,48
223,Donal,Keatley,dkeatley66@indiegogo.com,64,Male,CNY,9727.44,31-395-5860,ICICI,264285455-8,49
224,Georgianne,Jouanet,gjouanet67@pagesperso-orange.fr,82,Female,CNY,9687.67,97-589-7937,ICICI,045993609-3,46
225,Raynard,Ezzy,rezzy68@storify.com,28,Male,LAK,8548.95,04-110-1510,HDFC,385976865-4,18
226,Dierdre,MacConnal,dmacconnal69@chron.com,8,Female,IDR,6193.6,87-864-1569,KOTAK,260227427-5,10
227,Reggie,Clouston,rclouston6a@bravesites.com,14,Male,IRR,4602.02,15-707-2769,KOTAK,811797076-7,5
228,Alisa,Moseby,amoseby6b@google.ca,11,Female,USD,8039.18,24-604-5671,SBI,566450552-4,44
229,Rosanne,Hancorn,rhancorn6c@reddit.com,36,Female,EUR,5088.46,45-132-2764,KOTAK,244279658-9,26
230,Courtnay,Dennidge,cdennidge6d@yale.edu,30,Female,IDR,6373.7,60-770-2117,KOTAK,702443708-1,21
231,Franklyn,Rosenstengel,frosenstengel6e@altervista.org,5,Male,IDR,9967.77,93-447-1652,ICICI,369468348-8,37
232,Zebadiah,Prescote,zprescote6f@amazon.de,77,Male,CNY,6433.97,96-447-3928,ICICI,560652056-7,1
233,Phineas,Chiplin,pchiplin6g@twitpic.com,31,Male,CNY,3339.43,83-972-1248,ICICI,469226265-6,12
234,Ethelbert,Bohler,ebohler6h@army.mil,36,Male,EUR,6561.45,04-329-7044,KOTAK,725791217-3,50
235,Ali,Guest,aguest6i@creativecommons.org,14,Male,EUR,8597.69,98-818-1871,AXIS,017884936-7,7
236,Erna,Poupard,epoupard6j@usatoday.com,57,Female,USD,4838.59,79-230-4593,SBI,229321357-9,44
237,Rubetta,Krugmann,rkrugmann6k@ovh.net,64,Female,PLN,3428.98,85-536-1954,HDFC,391387112-8,43
238,Lyndsay,O'Carran,locarran6l@biblegateway.com,1,Female,EUR,7554.46,55-019-8954,KOTAK,503600785-9,6
239,Tatiana,Dowson,tdowson6m@dailymotion.com,50,Female,PHP,4390.43,95-892-3307,HDFC,250088841-X,3
240,Moyra,Jira,mjira6n@accuweather.com,54,Female,CNY,7381.86,24-137-9134,SBI,487588558-X,1
241,Clemente,Gallager,cgallager6o@issuu.com,47,Male,IRR,3277.32,24-542-4262,SBI,171423589-0,42
242,Athena,Skechley,askechley6p@vimeo.com,9,Female,BRL,7121.6,70-045-4545,HDFC,249098413-6,4
243,Trumann,Forman,tforman6q@webeden.co.uk,64,Male,EUR,6593.14,82-564-0568,SBI,731215783-1,37
244,Isabeau,Cochern,icochern6r@ocn.ne.jp,17,Female,PHP,9911.02,32-975-1703,HDFC,841883713-6,9
245,Sutton,Grishelyov,sgrishelyov6s@wufoo.com,2,Male,RUB,8708.65,25-361-4846,SBI,756525343-X,33
246,Winni,Riding,wriding6t@wikispaces.com,4,Female,RUB,9988.65,62-215-9502,SBI,314270290-3,34
247,Nari,Shelley,nshelley6u@last.fm,78,Female,TND,7896.55,91-102-5949,AXIS,479341258-0,24
248,Malvin,Kingswood,mkingswood6v@blogtalkradio.com,92,Male,USD,4022.9,56-729-7610,HDFC,237073279-2,50
249,Andris,Giraudot,agiraudot6w@a8.net,45,Male,JPY,3191.02,82-391-0330,AXIS,198711521-X,3
250,Leyla,Etchells,letchells6x@washingtonpost.com,48,Female,SEK,9300.71,72-052-0571,HDFC,946040501-0,40
251,Cyril,Ody,cody6y@dmoz.org,38,Male,CNY,4650.04,76-705-8094,HDFC,222177019-6,30
252,Andy,Tassell,atassell6z@prlog.org,97,Male,CNY,7256.41,36-641-6106,ICICI,678231365-0,7
253,Gael,Cabotto,gcabotto70@a8.net,3,Female,CNY,9255.26,90-074-2309,KOTAK,937185442-1,38
254,Calida,Andrault,candrault71@unc.edu,63,Female,CNY,8728.64,32-748-0778,ICICI,513748737-6,11
255,Charla,Roan,croan72@yahoo.com,1,Female,THB,9335.78,93-198-3872,SBI,212950877-4,46
256,Juliet,Playfair,jplayfair73@tumblr.com,3,Female,CNY,9079.14,95-947-0998,ICICI,393314722-0,40
257,Debor,Peele,dpeele74@nytimes.com,69,Female,BRL,6964.17,06-786-0956,SBI,062940834-3,49
258,Brooks,McCluin,bmccluin75@java.com,43,Male,NGN,9532.99,75-567-0284,ICICI,681573512-5,25
259,Carley,Stansbie,cstansbie76@com.com,52,Female,CNY,3152.47,06-905-8712,AXIS,324954158-3,41
260,Bonnee,Curl,bcurl77@dropbox.com,12,Female,ZMW,3353.92,03-510-3301,HDFC,211379143-9,7
261,Gamaliel,Atteridge,gatteridge78@facebook.com,96,Male,CNY,7158.66,06-255-9831,KOTAK,357573896-3,40
262,Jennee,Townsend,jtownsend79@t.co,47,Female,IDR,5261.43,56-131-5738,ICICI,189331419-7,41
263,Aurthur,Kanzler,akanzler7a@themeforest.net,55,Male,EUR,4946.59,55-817-9768,AXIS,498548718-X,2
264,Fiorenze,Barrar,fbarrar7b@amazon.co.uk,72,Female,CZK,7705.93,02-634-7771,SBI,899905609-0,38
265,Natividad,Ditts,nditts7c@meetup.com,53,Female,TND,8210.03,49-442-7051,HDFC,366604859-5,30
266,Artur,Ertelt,aertelt7d@state.tx.us,93,Male,THB,4278.22,37-853-3745,AXIS,408629441-9,38
267,Antoinette,Girardini,agirardini7e@icio.us,25,Female,CAD,4684.67,40-586-4390,KOTAK,089237040-8,20
268,Kate,Shadrach,kshadrach7f@state.tx.us,68,Female,CNY,3048.28,02-288-1197,ICICI,477501803-5,46
269,Arlena,Yeld,ayeld7g@blinklist.com,9,Female,RUB,7352.98,66-117-8852,ICICI,328011470-5,13
270,Evvie,Meachem,emeachem7h@chicagotribune.com,67,Female,RUB,3533.85,61-875-4396,KOTAK,295190456-8,7
271,Melinda,Januszkiewicz,mjanuszkiewicz7i@skyrock.com,44,Female,PHP,8182.09,30-208-6866,HDFC,365886640-3,42
272,Yuri,Weatherburn,yweatherburn7j@altervista.org,59,Male,COP,4465.46,74-655-7161,SBI,372814493-2,41
273,Courtney,Gerriets,cgerriets7k@state.tx.us,16,Female,COP,3242.21,08-619-9432,SBI,901962791-0,18
274,Guilbert,Goodall,ggoodall7l@kickstarter.com,80,Male,EUR,5559.95,00-631-6030,AXIS,897643009-3,46
275,Crin,Golden,cgolden7m@acquirethisname.com,21,Female,CNY,6053.62,45-336-4203,ICICI,540982980-8,14
276,Ilka,Brigden,ibrigden7n@arstechnica.com,32,Female,BGN,8996.37,25-061-9344,SBI,463318319-2,5
277,Juan,Ropcke,jropcke7o@domainmarket.com,30,Male,EUR,9132.11,26-547-1764,SBI,050536770-X,24
278,Rowena,Applewhaite,rapplewhaite7p@macromedia.com,98,Female,IDR,4233.06,34-993-6806,HDFC,130624406-4,24
279,Quill,Ebbers,qebbers7q@vkontakte.ru,93,Male,KRW,8998.14,85-227-3219,ICICI,703015665-X,11
280,Vanya,Aikett,vaikett7r@rakuten.co.jp,29,Male,PKR,8011.33,76-802-9842,ICICI,734410527-6,9
281,Giulietta,Willoway,gwilloway7s@ocn.ne.jp,75,Female,THB,7668.15,46-369-8004,ICICI,165455628-9,38
282,Riccardo,Cudbird,rcudbird7t@noaa.gov,9,Male,COP,7067.31,50-240-3698,ICICI,468532676-8,17
283,Darda,McGarvey,dmcgarvey7u@dailymotion.com,15,Female,PHP,8354.62,41-251-0373,KOTAK,009627369-0,45
284,Abigale,Kristufek,akristufek7v@buzzfeed.com,75,Female,VND,4769.33,52-028-6542,AXIS,922342774-6,26
285,Miran,Dungey,mdungey7w@usnews.com,89,Female,RUB,8792.89,76-516-0811,KOTAK,430026639-5,33
286,Keefer,Antonov,kantonov7x@joomla.org,46,Male,CZK,7214.03,26-582-4900,SBI,513214144-7,8
287,Avivah,Stanlake,astanlake7y@microsoft.com,4,Female,EUR,4161.02,23-158-3963,HDFC,950449209-6,6
288,Prince,Clausius,pclausius7z@kickstarter.com,90,Male,EUR,6135.68,76-783-8313,ICICI,853270055-1,26
289,Cyndia,Smallcomb,csmallcomb80@army.mil,1,Female,ARS,7546.7,10-610-5438,KOTAK,313976173-2,41
290,Karola,Vowell,kvowell81@amazon.de,40,Female,PLN,5719.75,32-229-9722,AXIS,495196870-3,50
291,Sheffy,Haresign,sharesign82@ezinearticles.com,63,Male,HRK,3603.39,26-095-9055,ICICI,177302547-3,3
292,Garreth,Haith,ghaith83@mozilla.org,86,Male,AFN,5692.05,50-185-5105,KOTAK,698066752-1,35
293,Greg,Raulin,graulin84@vinaora.com,74,Male,CNY,7715.48,27-618-8258,HDFC,921257204-9,21
294,Cherey,O'Fielly,cofielly85@arizona.edu,10,Female,PLN,8935.79,02-227-1875,ICICI,094367087-X,22
295,Lacee,Boys,lboys86@independent.co.uk,55,Female,PHP,8173.35,20-530-9301,AXIS,364436111-8,14
296,Lisle,Shankland,lshankland87@hibu.com,20,Male,IDR,8009.59,20-670-5903,AXIS,662829994-5,33
297,Buck,Goodoune,bgoodoune88@nba.com,70,Male,GTQ,5957.26,48-845-5392,SBI,953784131-6,1
298,Claudina,Freke,cfreke89@youtube.com,100,Female,PHP,6006.3,25-643-6967,KOTAK,983974173-X,50
299,Phil,Trickett,ptrickett8a@psu.edu,27,Male,CZK,5936.69,40-094-9608,ICICI,895812388-5,47
300,Sly,Waleran,swaleran8b@narod.ru,62,Male,CHF,3772.22,01-891-9424,AXIS,438287481-5,18
301,Elisa,Daniells,edaniells8c@bloglines.com,72,Female,CNY,3277.43,14-399-2388,ICICI,884606026-1,23
302,Leonard,Pryor,lpryor8d@ebay.co.uk,92,Male,CNY,4671.98,52-627-7659,SBI,074644607-1,45
303,Chery,Dodell,cdodell8e@arstechnica.com,64,Female,PHP,3744.98,21-305-3260,SBI,599777682-4,44
304,Job,Gauthorpp,jgauthorpp8f@e-recht24.de,8,Male,IDR,8229.21,46-440-6637,ICICI,681182359-3,46
305,Vincenty,Allsupp,vallsupp8g@vinaora.com,95,Male,RUB,3128.9,45-534-0955,SBI,281914444-6,24
306,Phillip,Duckering,pduckering8h@soundcloud.com,64,Male,GBP,4372.53,29-723-3801,ICICI,559286694-1,31
307,Cesaro,Enevold,cenevold8i@ed.gov,51,Male,BRL,7065.86,41-369-9875,ICICI,135317001-2,46
308,Ichabod,Matiebe,imatiebe8j@1und1.de,40,Male,IDR,7789.51,09-867-2182,HDFC,828195521-X,44
309,Alaine,Cowl,acowl8k@wikia.com,87,Female,MWK,3310.86,20-881-0552,HDFC,183583177-X,38
310,Curcio,Gobert,cgobert8l@elpais.com,13,Male,ALL,9269.55,07-694-5249,ICICI,162404332-1,35
311,Cayla,Macias,cmacias8m@blogtalkradio.com,52,Female,CNY,7059.51,81-718-5983,AXIS,293475212-7,34
312,Otis,Whitehorn,owhitehorn8n@google.ru,34,Male,CNY,8441.75,30-387-2223,ICICI,613911425-X,11
313,Silvanus,Crayk,scrayk8o@psu.edu,41,Male,JPY,6370.24,66-663-3602,ICICI,081116246-X,41
314,Becca,Mougeot,bmougeot8p@uol.com.br,99,Female,MUR,5820.07,61-007-0806,AXIS,516210246-6,11
315,Shelley,Comberbach,scomberbach8q@theglobeandmail.com,93,Female,EUR,3640.63,91-554-6453,ICICI,188535788-5,41
316,Xena,Witt,xwitt8r@bravesites.com,42,Female,LRD,7004.03,82-701-2803,HDFC,743330748-6,2
317,Ara,Swanton,aswanton8s@creativecommons.org,5,Female,ARS,6597.76,21-119-5602,KOTAK,848189112-6,33
318,Sauncho,Bourner,sbourner8t@salon.com,87,Male,MXN,8324.6,61-754-2944,ICICI,433319727-9,34
319,Brandyn,Entissle,bentissle8u@google.ru,84,Male,SEK,5915.18,76-050-4998,AXIS,407029267-5,22
320,Calypso,Pyatt,cpyatt8v@msn.com,80,Female,CNY,7312.52,29-311-4064,ICICI,989879944-7,4
321,Maryjane,Miquelet,mmiquelet8w@go.com,35,Female,ARS,7434.04,39-902-3409,HDFC,985323188-3,7
322,Karlens,Leverton,kleverton8x@tumblr.com,2,Male,IRR,6661.14,46-870-5304,ICICI,050968006-2,27
323,Ricky,Whitefoot,rwhitefoot8y@prlog.org,66,Female,KWD,4929.29,61-869-5978,HDFC,605306764-4,35
324,Trumaine,Hughs,thughs8z@sourceforge.net,30,Male,PHP,7985.94,73-597-6066,AXIS,140903247-7,16
325,Benjy,Greenstead,bgreenstead90@pcworld.com,23,Male,EUR,6333.75,87-167-8797,SBI,273011916-7,15
326,Ilyse,Merriman,imerriman91@jugem.jp,24,Female,CNY,9958.48,84-907-7970,KOTAK,396626135-9,21
327,Genevra,Kynder,gkynder92@yale.edu,9,Female,MXN,8739.75,50-932-9366,SBI,460110684-2,46
328,Fayette,Suart,fsuart93@t-online.de,32,Female,IDR,3480.08,59-338-7006,AXIS,287000734-5,6
329,Rogerio,Luetkemeyers,rluetkemeyers94@amazon.co.jp,42,Male,PLN,4602.07,96-428-2870,AXIS,708070103-1,34
330,Tatiania,Maidens,tmaidens95@scribd.com,62,Female,VND,8533.75,38-612-8925,AXIS,805757414-3,26
331,Worden,Biffin,wbiffin96@yellowpages.com,3,Male,SYP,9337.99,29-783-8616,ICICI,306709742-4,13
332,Mag,Bettley,mbettley97@woothemes.com,82,Female,CNY,7530.08,86-653-0352,SBI,926411056-9,1
333,Darsey,Dowry,ddowry98@soup.io,63,Female,SEK,7245.58,18-993-6377,AXIS,115515405-3,39
334,Binky,Ruzicka,bruzicka99@i2i.jp,53,Male,UAH,9039.53,61-653-5018,ICICI,262035985-6,13
335,Nanine,Brisset,nbrisset9a@ustream.tv,88,Female,HRK,4894.79,11-312-4150,SBI,745547038-X,16
336,Ingmar,O'Breen,iobreen9b@jalbum.net,31,Male,CNY,6590.63,47-544-0419,AXIS,858022857-3,39
337,Poul,Ebbles,pebbles9c@bbb.org,74,Male,USD,7273.57,81-139-4801,AXIS,741628019-2,13
338,Justis,Marians,jmarians9d@nba.com,70,Male,PKR,8905.17,67-370-0280,SBI,126915276-9,17
339,Ulrica,Callear,ucallear9e@123-reg.co.uk,85,Female,MYR,3016.43,27-176-1909,ICICI,637751086-1,1
340,Dot,Doust,ddoust9f@constantcontact.com,18,Female,XCD,4601.67,66-517-6848,AXIS,574345490-6,17
341,Boonie,Wikey,bwikey9g@uol.com.br,85,Male,MKD,5488.41,13-423-2463,KOTAK,649434273-6,15
342,Shae,Rosevear,srosevear9h@hao123.com,16,Male,JPY,3706.46,36-302-4187,AXIS,321317173-5,1
343,Fredra,Rawls,frawls9i@google.pl,77,Female,PLN,3142.68,13-613-6181,AXIS,124945657-6,10
344,Darby,Leyton,dleyton9j@cocolog-nifty.com,24,Female,PHP,8363.05,03-254-5846,ICICI,846716336-4,43
345,Catina,Sharnock,csharnock9k@spiegel.de,66,Female,EUR,6683.1,02-579-3671,ICICI,671894758-X,29
346,Gerhard,Tytler,gtytler9l@goo.ne.jp,50,Male,CZK,9533.65,02-265-6759,ICICI,363215143-1,42
347,Correna,Malzard,cmalzard9m@quantcast.com,34,Female,VND,6138.31,89-093-1502,KOTAK,710666606-8,46
348,Otho,Sharpous,osharpous9n@pbs.org,6,Male,NGN,7767.67,11-803-2598,KOTAK,719461526-6,35
349,Flor,Greenall,fgreenall9o@redcross.org,23,Female,UAH,3048.23,50-218-4472,ICICI,896238245-8,4
350,Nerty,Harmour,nharmour9p@cocolog-nifty.com,48,Female,IDR,3959.48,17-129-8491,AXIS,871340197-1,33
351,Nat,Fawckner,nfawckner9q@google.com.br,90,Male,IDR,8765.39,29-754-4969,HDFC,429284925-0,34
352,Jakie,Calley,jcalley9r@thetimes.co.uk,48,Male,ILS,9072.43,22-202-4442,KOTAK,199923889-3,17
353,Crissy,Bembridge,cbembridge9s@wsj.com,99,Female,NZD,6106.1,97-968-4857,AXIS,499115138-4,31
354,Cher,Isabell,cisabell9t@bing.com,46,Female,IDR,6780.79,09-418-9137,ICICI,907815110-2,31
355,Maje,Caseborne,mcaseborne9u@cocolog-nifty.com,10,Male,ZMW,6138.51,07-549-7848,HDFC,638435606-6,19
356,Opaline,Meth,ometh9v@photobucket.com,1,Female,IDR,6707.54,84-128-1535,HDFC,851165046-6,45
357,Andrea,Ferrers,aferrers9w@google.co.uk,42,Male,VND,3457.49,56-448-9317,AXIS,931240895-X,4
358,Lowell,Vellender,lvellender9x@biglobe.ne.jp,3,Male,PLN,7377.23,98-024-3491,SBI,367732773-3,1
359,Batholomew,Minci,bminci9y@ow.ly,51,Male,BGN,9526.8,55-216-2879,AXIS,188068026-2,37
360,Ragnar,Bentje,rbentje9z@answers.com,43,Male,ARS,8616.47,58-841-6339,SBI,780122701-8,37
361,Kellsie,Gregol,kgregola0@twitter.com,39,Female,BYR,7697.74,17-751-4852,ICICI,888891120-0,36
362,Parker,Lathe,plathea1@discovery.com,26,Male,YER,5707.11,84-399-1488,SBI,608671467-3,26
363,Marjorie,Coole,mcoolea2@latimes.com,34,Female,CLP,6148.95,92-722-1544,ICICI,821929373-X,35
364,Virginie,Kincade,vkincadea3@creativecommons.org,15,Female,CNY,8473.86,04-751-5402,SBI,190325870-7,6
365,Dalli,Buxey,dbuxeya4@zdnet.com,32,Male,CAD,4450.55,74-741-8053,KOTAK,568573892-7,5
366,Omero,Bafford,obafforda5@sina.com.cn,2,Male,MYR,7222.52,02-697-5950,AXIS,128418005-0,20
367,Jo,Cicerone,jciceronea6@sbwire.com,70,Male,GTQ,3611.33,69-294-9389,KOTAK,309611438-2,2
368,Sheela,Kleinhausen,skleinhausena7@ameblo.jp,71,Female,PEN,8851.1,82-186-0951,AXIS,344112103-1,23
369,Gavra,Swarbrick,gswarbricka8@whitehouse.gov,23,Female,CNY,6096.21,55-709-4565,KOTAK,322317421-4,25
370,Norrie,Steers,nsteersa9@java.com,14,Female,CNY,8035.59,12-186-2166,ICICI,403314995-3,8
371,Celeste,Van den Bosch,cvandenboschaa@cloudflare.com,35,Female,ZMW,9144.15,65-318-1256,AXIS,060572592-6,30
372,Berton,Lippett,blippettab@weather.com,66,Male,IDR,7980.34,81-701-8395,ICICI,165348063-7,27
373,Thibaut,McDoual,tmcdoualac@biblegateway.com,38,Male,MYR,8123.77,83-424-5072,KOTAK,768758667-0,23
374,Ches,Coule,ccoulead@dedecms.com,77,Male,ALL,4053.95,92-695-4774,ICICI,330947654-5,1
375,Theadora,Exter,texterae@etsy.com,49,Female,IDR,5185.98,82-343-7959,AXIS,405542740-9,39
376,Courtenay,Tonkinson,ctonkinsonaf@fastcompany.com,51,Female,MKD,8544.6,97-441-6295,KOTAK,512245919-3,19
377,Obadiah,Burgane,oburganeag@xrea.com,76,Male,ILS,4510.19,57-850-0746,HDFC,936654988-8,4
378,Darren,Antonellini,dantonelliniah@vistaprint.com,26,Male,CNY,7836.06,29-579-3911,KOTAK,363059045-4,44
379,Goldy,Brosius,gbrosiusai@elpais.com,9,Female,CZK,5439.08,38-627-3329,SBI,417787616-X,17
380,Robinet,Stevens,rstevensaj@delicious.com,23,Male,PLN,4680.31,98-083-8175,AXIS,186340557-7,17
381,Shaun,Dempsey,sdempseyak@constantcontact.com,7,Male,EUR,3656.99,22-023-8660,HDFC,896983751-5,44
382,Hector,Finkle,hfinkleal@linkedin.com,94,Male,CNY,5652.36,69-559-4092,SBI,290749276-4,48
383,Wenonah,Francino,wfrancinoam@va.gov,98,Female,JPY,5349.65,00-571-8013,HDFC,245957185-2,21
384,Margareta,Bohike,mbohikean@umich.edu,63,Female,CNY,8223.94,98-607-0168,KOTAK,938897805-6,41
385,Inness,Meininking,imeininkingao@skyrock.com,27,Male,EUR,5156.34,97-064-4587,KOTAK,893504757-0,41
386,Fanya,Hold,fholdap@whitehouse.gov,99,Female,KZT,5340.11,41-186-4210,SBI,745431664-6,29
387,Lambert,Stroobant,lstroobantaq@google.it,8,Male,CAD,5889.92,98-568-2956,KOTAK,375862768-0,11
388,Cordelia,Le Count,clecountar@google.co.uk,14,Female,TZS,9237.86,97-967-2552,ICICI,452570312-1,3
389,Marcello,Eykelbosch,meykelboschas@digg.com,52,Male,MXN,4321.03,00-116-2005,AXIS,426111759-2,40
390,Jana,Aubri,jaubriat@statcounter.com,51,Female,BRL,5014.51,34-407-3362,ICICI,318713881-0,18
391,Amelie,Szepe,aszepeau@goodreads.com,86,Female,PHP,9824.46,36-935-0355,ICICI,311739640-3,24
392,Hobard,Tash,htashav@archive.org,77,Male,CNY,5771.08,89-665-4486,ICICI,021630158-0,45
393,Hazel,Warbeys,hwarbeysaw@wufoo.com,48,Male,EUR,6340.14,13-099-1821,HDFC,659015940-8,48
394,Amby,Adkin,aadkinax@youtu.be,58,Male,BRL,8338.51,54-679-3413,ICICI,230667885-5,1
395,Mellisa,Wittier,mwittieray@adobe.com,80,Female,EUR,4879.93,92-152-1637,KOTAK,125944737-5,35
396,Waylan,Havvock,whavvockaz@nps.gov,90,Male,PKR,3965.0,39-764-3431,KOTAK,507331256-2,19
397,Adela,Berrigan,aberriganb0@oracle.com,43,Female,IDR,4131.13,35-342-2842,ICICI,436112624-0,1
398,Gwendolen,Pickervance,gpickervanceb1@nasa.gov,39,Female,IDR,8404.56,34-888-4317,HDFC,616868976-1,19
399,Reeva,Harryman,rharrymanb2@oaic.gov.au,52,Female,RUB,9479.18,05-872-2294,ICICI,412969586-X,3
400,Drusi,Ingleson,dinglesonb3@so-net.ne.jp,48,Female,IDR,4590.58,00-376-9294,HDFC,783343773-5,18
401,Mattie,Ping,mpingb4@odnoklassniki.ru,25,Male,CNY,9354.12,88-760-3199,HDFC,717898992-0,19
402,Kettie,Laslett,klaslettb5@pcworld.com,94,Female,CNY,5951.58,98-232-7175,AXIS,309175411-1,50
403,Nowell,Scargill,nscargillb6@squarespace.com,39,Male,CNY,6374.79,92-870-9647,SBI,528216768-9,18
404,Hirsch,Worthing,hworthingb7@t-online.de,36,Male,XAF,4061.57,24-558-8870,KOTAK,153845425-4,36
405,Dewain,Towlson,dtowlsonb8@ehow.com,51,Male,ZAR,5529.48,73-761-1169,KOTAK,969841590-4,24
406,Darrell,Cuncarr,dcuncarrb9@youku.com,25,Male,JPY,9112.55,32-402-6872,ICICI,314587313-X,5
407,Koo,Raatz,kraatzba@merriam-webster.com,39,Female,CNY,6659.44,66-591-8881,ICICI,389677898-6,8
408,Demetre,Lardner,dlardnerbb@sina.com.cn,78,Male,NGN,4583.11,45-620-7953,HDFC,442089179-3,1
409,Beryl,Pattie,bpattiebc@hexun.com,15,Female,BRL,5145.44,93-160-5801,KOTAK,002918854-7,19
410,Ronna,Gommery,rgommerybd@amazonaws.com,70,Female,RUB,5840.68,56-145-4716,HDFC,523086706-X,23
411,Lay,Dechelle,ldechellebe@networkadvertising.org,41,Male,PAB,4937.67,93-523-6626,ICICI,661138060-4,5
412,Babara,Summersby,bsummersbybf@wp.com,97,Female,CNY,7317.5,44-041-7132,AXIS,133278177-2,1
413,Donovan,Challicombe,dchallicombebg@comsenz.com,19,Male,VND,7532.8,10-883-9213,KOTAK,823277043-0,19
414,Angie,Serchwell,aserchwellbh@ezinearticles.com,2,Male,PHP,7761.25,62-821-3092,SBI,925903392-6,20
415,Caroline,Rodgman,crodgmanbi@hc360.com,64,Female,PLN,9750.67,89-878-9524,HDFC,644310054-9,26
416,Vanny,Cattrell,vcattrellbj@gov.uk,38,Female,UAH,5662.13,04-241-2750,AXIS,279906325-X,6
417,Gage,MacFall,gmacfallbk@paginegialle.it,94,Male,CZK,8858.92,28-670-7062,ICICI,624085034-9,6
418,Lise,Spikins,lspikinsbl@ucoz.ru,80,Female,COP,6132.7,87-667-2646,ICICI,959750052-3,25
419,Dael,Folomkin,dfolomkinbm@ezinearticles.com,29,Male,IDR,3140.8,47-955-0856,AXIS,290069003-X,27
420,Mathian,Stockman,mstockmanbn@barnesandnoble.com,16,Male,CNY,6115.73,33-865-6200,AXIS,991226426-6,40
421,Jacinta,Cartwight,jcartwightbo@hugedomains.com,62,Female,ARS,4762.26,00-027-9401,AXIS,832632094-3,12
422,Thain,Drakes,tdrakesbp@washington.edu,2,Male,BRL,3945.37,94-070-7201,HDFC,106018847-3,46
423,Hamilton,Pagitt,hpagittbq@europa.eu,22,Male,SDG,6728.77,13-126-0506,ICICI,641081282-5,40
424,Romain,Brownsill,rbrownsillbr@harvard.edu,23,Male,AOA,8274.51,72-884-5679,ICICI,969376701-2,23
425,Maure,Denekamp,mdenekampbs@alibaba.com,22,Female,CNY,7437.72,62-680-7917,KOTAK,329193862-3,1
426,Ibby,Veivers,iveiversbt@examiner.com,15,Female,EUR,8601.14,62-813-2749,KOTAK,330092716-1,37
427,Ardella,Vaudre,avaudrebu@google.pl,18,Female,CNY,6416.58,93-754-2053,AXIS,896968065-9,10
428,Jeanine,Plackstone,jplackstonebv@youku.com,43,Female,AMD,8672.46,32-832-6197,AXIS,882592997-8,29
429,Shelden,Sharman,ssharmanbw@bbb.org,25,Male,IDR,7193.17,01-694-3955,HDFC,538187924-5,21
430,Teodora,de Vaen,tdevaenbx@google.es,49,Female,AMD,6333.16,37-216-1286,SBI,782158237-9,21
431,Graehme,Cough,gcoughby@e-recht24.de,43,Male,CZK,9032.92,29-405-3205,ICICI,424575528-8,35
432,Gus,Redsull,gredsullbz@desdev.cn,72,Male,IDR,9863.16,68-862-8363,HDFC,873463819-9,5
433,Jess,Cave,jcavec0@ebay.co.uk,22,Male,CNY,3206.82,43-624-5068,HDFC,785626552-3,9
434,Demetris,Zorn,dzornc1@netlog.com,13,Male,CNY,7783.25,82-927-4710,AXIS,734093635-1,2
435,Agustin,Trounce,atrouncec2@blinklist.com,33,Male,SEK,6888.66,82-060-6914,SBI,356646144-X,38
436,Walliw,Pavolillo,wpavolilloc3@usatoday.com,28,Female,RSD,4284.81,76-777-5752,HDFC,806147186-8,16
437,Ive,Kinnier,ikinnierc4@ibm.com,61,Male,CNY,3751.37,21-485-9750,SBI,785735329-9,28
438,Yolanthe,Duddan,yduddanc5@tripadvisor.com,21,Female,EUR,6205.02,47-619-3026,AXIS,544853453-8,40
439,Raynell,Merricks,rmerricksc6@paginegialle.it,96,Female,CNY,8578.76,72-401-3219,AXIS,272353136-8,3
440,Cora,McKeurton,cmckeurtonc7@privacy.gov.au,11,Female,IDR,8236.7,23-801-7263,KOTAK,876864873-1,38
441,Julianne,Leverson,jleversonc8@irs.gov,82,Female,EUR,9846.89,01-919-9357,AXIS,166715292-0,19
442,Glynn,Doghartie,gdoghartiec9@wisc.edu,20,Male,CNY,8489.36,73-330-7512,AXIS,656841294-5,40
443,Torey,Loughren,tloughrenca@imdb.com,25,Female,CRC,8412.18,79-225-2613,SBI,329839908-6,10
444,Rex,Klich,rklichcb@guardian.co.uk,82,Male,CNY,6071.19,23-660-3376,HDFC,422512853-9,19
445,Mathew,Kunes,mkunescc@yolasite.com,27,Male,CNY,9622.49,92-911-3460,SBI,989779459-X,30
446,Ruthi,Fellman,rfellmancd@comcast.net,46,Female,BRL,6794.68,01-535-8084,AXIS,570890102-0,48
447,Evangelia,Bantham,ebanthamce@hostgator.com,42,Female,EUR,7736.88,02-947-9747,ICICI,332146890-5,24
448,Jacquelynn,Astbery,jastberycf@meetup.com,7,Female,NOK,4581.62,33-374-9064,SBI,478368765-X,11
449,Gerrie,Delion,gdelioncg@economist.com,99,Female,CNY,4572.84,17-507-1859,KOTAK,228390509-5,21
450,Pennie,Moughton,pmoughtonch@addthis.com,89,Female,UAH,4840.57,66-467-2783,HDFC,830842252-7,28
451,Pepe,Orys,porysci@cbc.ca,16,Male,MXN,8057.93,81-647-0559,HDFC,316452036-0,20
452,Kris,Flockhart,kflockhartcj@businessinsider.com,100,Female,USD,6302.0,67-772-3990,ICICI,530879038-8,3
453,Bancroft,Dennerly,bdennerlyck@csmonitor.com,88,Male,IDR,5054.82,34-826-9752,SBI,581575123-5,33
454,Glenden,Mollison,gmollisoncl@tinyurl.com,37,Male,KZT,9229.11,18-812-9460,SBI,747704150-3,31
455,Kirby,Ritzman,kritzmancm@reference.com,66,Male,CAD,6401.31,46-880-1966,KOTAK,975999400-3,21
456,Hortense,Pennicard,hpennicardcn@pinterest.com,65,Female,IDR,8179.6,66-453-2528,ICICI,598764527-1,36
457,Rodrick,Moncrefe,rmoncrefeco@google.de,90,Male,BRL,3036.86,02-124-3148,ICICI,796713249-1,26
458,Ariel,Szymonwicz,aszymonwiczcp@goo.ne.jp,40,Female,ILS,9848.89,86-590-9591,AXIS,247689896-1,34
459,Muffin,Clemett,mclemettcq@woothemes.com,61,Female,PLN,9362.88,01-221-0080,ICICI,672340048-8,17
460,Cherida,Armfield,carmfieldcr@engadget.com,100,Female,TJS,3829.23,86-190-4327,HDFC,432278129-2,21
461,Tobe,Steddall,tsteddallcs@ow.ly,93,Female,PLN,9035.06,38-204-9248,KOTAK,648911848-3,42
462,Lise,Orro,lorroct@ask.com,10,Female,EUR,4457.06,21-110-8833,ICICI,888048807-4,13
463,Bunni,Laidlow,blaidlowcu@360.cn,5,Female,ZMW,3230.21,78-391-6842,SBI,153842674-9,18
464,Elset,Coutthart,ecoutthartcv@cocolog-nifty.com,85,Female,CNY,8661.45,43-660-5023,ICICI,654362058-7,42
465,Hope,Cardow,hcardowcw@marketwatch.com,65,Female,XOF,6749.61,83-992-7968,AXIS,363250951-4,14
466,Kip,Propper,kproppercx@dailymail.co.uk,87,Male,KMF,4462.38,93-432-2389,SBI,352786682-5,35
467,Hester,Boucher,hbouchercy@webs.com,34,Female,COP,9552.12,26-190-4265,AXIS,133717882-9,3
468,Iorgos,Bonnavant,ibonnavantcz@nasa.gov,69,Male,XOF,9590.79,27-209-8727,KOTAK,617138168-3,12
469,Peterus,Schrader,pschraderd0@dailymotion.com,40,Male,RUB,8705.96,41-632-5626,SBI,796787457-9,37
470,Kristo,Kingsnoad,kkingsnoadd1@statcounter.com,76,Male,XAF,5580.61,93-274-8375,ICICI,934069426-0,25
471,Consuelo,Korf,ckorfd2@webnode.com,73,Female,USD,8755.14,85-610-3073,HDFC,340023066-9,12
472,Adelind,Hayer,ahayerd3@surveymonkey.com,80,Female,SAR,6304.3,74-859-4873,KOTAK,743216906-3,28
473,Fayre,Balston,fbalstond4@over-blog.com,36,Female,EUR,8944.16,79-453-7939,ICICI,305465955-0,12
474,Lanie,Chaff,lchaffd5@scientificamerican.com,99,Female,EUR,7150.43,34-032-9835,HDFC,220712807-5,14
475,Heda,Whybrow,hwhybrowd6@army.mil,7,Female,CNY,9286.05,18-045-9987,AXIS,663864556-0,40
476,Antonius,Goody,agoodyd7@gravatar.com,99,Male,USD,6303.98,56-587-3113,AXIS,135062682-1,29
477,Carter,Ivachyov,civachyovd8@sciencedaily.com,17,Male,PHP,9995.03,09-950-0997,KOTAK,444339171-1,23
478,Philipa,Durdy,pdurdyd9@omniture.com,29,Female,CNY,9796.47,13-937-6557,SBI,161363219-3,6
479,Sanderson,Clemmey,sclemmeyda@nature.com,63,Male,RUB,4051.54,72-403-2549,ICICI,562209668-5,22
480,Arlan,McKue,amckuedb@ustream.tv,6,Male,BRL,6755.15,25-298-3055,SBI,866340292-9,29
481,Madelon,McLachlan,mmclachlandc@boston.com,23,Female,CAD,3268.0,55-366-7358,SBI,823671939-1,14
482,Minette,Rothon,mrothondd@photobucket.com,50,Female,CNY,4306.56,29-032-9072,ICICI,230655994-5,13
483,Lyn,Carwardine,lcarwardinede@purevolume.com,26,Female,EUR,4242.13,11-255-9170,KOTAK,534075104-X,47
484,Cal,Divine,cdivinedf@ibm.com,91,Male,CZK,6877.46,28-058-8648,KOTAK,803596675-8,38
485,Winny,Loukes,wloukesdg@hud.gov,6,Male,IDR,5574.63,74-882-8333,HDFC,501150378-X,48
486,Carlotta,Cowap,ccowapdh@indiegogo.com,12,Female,PYG,8388.15,85-007-6608,HDFC,563274359-4,13
487,Patty,Ravenshaw,pravenshawdi@spotify.com,86,Female,EUR,6369.12,76-061-3056,AXIS,841942295-9,47
488,Ernesta,Goodison,egoodisondj@vistaprint.com,64,Female,RSD,3329.06,87-744-1226,HDFC,920713545-0,41
489,Lane,Boorman,lboormandk@arizona.edu,69,Male,PHP,8754.06,28-591-6964,KOTAK,224200432-8,45
490,Perkin,Marsy,pmarsydl@amazon.co.uk,95,Male,PLN,7887.77,14-144-6317,AXIS,568738276-3,36
491,Correy,Blackaby,cblackabydm@csmonitor.com,91,Male,CNY,5095.51,44-640-0094,ICICI,682443629-1,4
492,Kimberli,Carabine,kcarabinedn@gravatar.com,1,Female,CNY,4369.78,73-007-4036,KOTAK,779113638-4,35
493,Vickie,Faill,vfailldo@blogtalkradio.com,92,Female,COP,3966.99,22-936-5330,AXIS,124647462-X,21
494,Fayth,Goulder,fgoulderdp@hibu.com,69,Female,IDR,7347.81,91-366-4638,AXIS,954665298-9,46
495,Josias,Rougier,jrougierdq@pbs.org,11,Male,EUR,8513.51,45-792-0571,KOTAK,812744757-9,45
496,Guendolen,Wherrit,gwherritdr@intel.com,26,Female,CZK,7692.87,77-565-7817,KOTAK,126694985-2,18
497,Brod,Cowthart,bcowthartds@gnu.org,12,Male,KZT,6011.95,97-675-7326,ICICI,128215662-4,42
498,Clair,Lathleiff,clathleiffdt@studiopress.com,20,Male,CNY,5016.21,78-787-7241,KOTAK,879311594-6,36
499,Chauncey,Prujean,cprujeandu@paypal.com,10,Male,CNY,4176.1,26-902-6934,SBI,554552867-9,37
500,Reade,Mansion,rmansiondv@imdb.com,18,Male,IDR,7561.3,58-286-9737,ICICI,782053492-3,19
501,Dominique,Melanaphy,dmelanaphydw@nationalgeographic.com,2,Male,CHF,5636.24,22-762-8177,KOTAK,242032177-4,30
502,Valentin,Gasking,vgaskingdx@scribd.com,5,Male,PLN,7451.18,73-902-9100,ICICI,039524052-2,42
503,Kariotta,McChesney,kmcchesneydy@ted.com,53,Female,IDR,7048.58,10-276-8759,HDFC,669679037-3,22
504,Kahaleel,Margetts,kmargettsdz@dmoz.org,58,Male,CNY,5900.12,96-884-7682,ICICI,381208755-3,23
505,Edythe,MacFadin,emacfadine0@who.int,33,Female,CNY,5596.45,00-736-1512,ICICI,608811446-0,3
506,Tiler,Magill,tmagille1@nifty.com,76,Male,HTG,8930.69,01-189-8519,HDFC,628352228-9,34
507,Marmaduke,McKeran,mmckerane2@bigcartel.com,31,Male,EUR,3821.93,16-894-6947,ICICI,780559631-X,27
508,Michael,Franzman,mfranzmane3@psu.edu,19,Male,HRK,8182.86,75-427-4081,HDFC,397067327-5,30
509,Faustine,Morais,fmoraise4@over-blog.com,1,Female,EUR,3291.14,89-502-4117,HDFC,592389058-5,48
510,Jillian,Kipling,jkiplinge5@ifeng.com,19,Female,EUR,6336.91,36-125-5390,AXIS,311395927-6,7
511,Jammal,Farrey,jfarreye6@yellowbook.com,23,Male,BRL,6298.42,43-429-8847,KOTAK,616990680-4,14
512,Damita,Danniell,ddannielle7@dailymail.co.uk,62,Female,CNY,3040.32,12-002-5475,KOTAK,094682645-5,35
513,Nert,Wyborn,nwyborne8@spotify.com,64,Female,BIF,9977.96,05-652-7002,ICICI,065166291-5,34
514,Drew,Gilpin,dgilpine9@pinterest.com,38,Male,CNY,3464.3,56-164-1206,HDFC,541070942-X,34
515,Cissy,Spollen,cspollenea@yahoo.com,41,Female,IDR,6096.85,41-910-5018,ICICI,125343465-4,30
516,Adeline,Hrinchishin,ahrinchishineb@usa.gov,18,Female,RUB,5980.05,10-308-1755,AXIS,668419329-4,37
517,Monika,Genthner,mgenthnerec@businessweek.com,32,Female,IDR,4414.52,52-587-9598,SBI,523611547-7,21
518,Barnabe,O'Lenane,bolenaneed@rambler.ru,69,Male,EUR,5511.03,03-084-4587,HDFC,928656431-7,19
519,Grantley,Rodell,grodellee@jugem.jp,67,Male,AMD,4192.32,19-584-3982,KOTAK,758814832-2,6
520,Farley,Westwater,fwestwateref@opera.com,29,Male,PHP,3538.08,28-261-4219,SBI,822673192-5,32
521,Ebeneser,Newe,eneweeg@sfgate.com,53,Male,GBP,3344.27,92-914-7787,HDFC,797891867-X,24
522,Dame,Deeming,ddeemingeh@meetup.com,99,Male,IRR,9813.6,35-331-6021,ICICI,062509540-5,27
523,Ron,Weymont,rweymontei@macromedia.com,14,Male,IDR,9818.56,78-319-6187,ICICI,956237631-1,47
524,Malia,Rominov,mrominovej@sohu.com,2,Female,CZK,5300.86,20-352-2627,SBI,907940116-1,15
525,Brittany,Fewings,bfewingsek@seesaa.net,47,Female,PLN,9262.82,72-858-2262,AXIS,624320498-7,1
526,Tammie,Spanswick,tspanswickel@va.gov,55,Male,PHP,7766.76,92-597-8240,AXIS,736479395-X,7
527,Conant,Ewebank,cewebankem@reverbnation.com,79,Male,MXN,4468.13,02-496-4630,AXIS,218740904-X,15
528,Douglas,Burdas,dburdasen@canalblog.com,14,Male,IDR,5123.82,82-048-1447,AXIS,820995852-6,23
529,Leif,Tatterton,ltattertoneo@comcast.net,46,Male,PHP,9449.49,87-030-8996,AXIS,974690518-X,45
530,Willey,Dunne,wdunneep@usnews.com,75,Male,ARS,9553.93,10-550-6725,SBI,348269466-4,41
531,Osgood,Hay,ohayeq@dmoz.org,5,Male,CNY,4655.97,72-842-6249,HDFC,401795722-6,3
532,Doretta,Claridge,dclaridgeer@youtu.be,72,Female,CNY,8629.52,44-560-2986,KOTAK,383367153-X,44
533,Hadley,Harewood,hharewoodes@nifty.com,90,Male,CNY,8202.51,31-718-5035,AXIS,956731063-7,2
534,Kiel,Schirak,kschiraket@archive.org,75,Male,IDR,5322.98,65-053-7552,KOTAK,516874088-X,50
535,Rachelle,Goodall,rgoodalleu@qq.com,10,Female,PHP,8322.92,28-593-0379,SBI,328850963-6,47
536,Rollin,Keson,rkesonev@home.pl,94,Male,CNY,5397.83,34-625-6162,SBI,344411070-7,48
537,Carl,Cootes,ccootesew@wordpress.org,95,Male,CNY,9103.11,84-412-7955,AXIS,172564061-9,31
538,Myrah,Ollcott,mollcottex@toplist.cz,97,Female,CNY,5218.63,34-567-4067,SBI,372648198-2,2
539,Claiborne,Pearl,cpearley@sohu.com,55,Male,CNY,6806.03,66-388-8742,AXIS,146311891-0,32
540,Dee dee,Deetch,ddeetchez@microsoft.com,11,Female,EUR,3322.45,14-520-5948,SBI,864485597-2,10
541,Antons,Brownhill,abrownhillf0@imgur.com,42,Male,XOF,3893.95,17-288-0759,ICICI,429614984-9,25
542,Eduardo,Hackford,ehackfordf1@angelfire.com,87,Male,THB,4287.27,48-575-7213,HDFC,771650648-X,28
543,Hyacinthia,Rennox,hrennoxf2@geocities.com,38,Female,EUR,6896.94,69-959-7049,KOTAK,734900804-X,44
544,Bert,Raddin,braddinf3@google.de,55,Female,PLN,8555.12,57-778-3630,AXIS,047695383-9,6
545,Roseanna,Heales,rhealesf4@ebay.com,46,Female,RUB,9762.26,22-641-1361,AXIS,066772687-X,2
546,Vince,Dradey,vdradeyf5@wordpress.org,71,Male,UAH,3490.93,31-019-6623,ICICI,322529947-2,18
547,Talyah,Robberts,trobbertsf6@i2i.jp,58,Female,ZAR,9346.86,58-812-4991,KOTAK,016218298-8,27
548,Shannon,Gogan,sgoganf7@blogtalkradio.com,97,Male,CNY,9217.61,65-086-0082,SBI,171225425-1,11
549,Efren,Culmer,eculmerf8@dagondesign.com,100,Male,CNY,6278.27,10-174-6582,AXIS,280751964-4,40
550,Stephanie,Jeness,sjenessf9@weibo.com,49,Female,CUP,6514.26,55-715-8039,ICICI,374670274-7,38
551,Arlina,Elland,aellandfa@typepad.com,78,Female,AFN,9697.96,68-419-7243,ICICI,179709823-3,14
552,Maude,Blitz,mblitzfb@example.com,24,Female,ARS,8988.42,64-186-2380,AXIS,235039853-6,20
553,Reade,Yonge,ryongefc@pinterest.com,59,Male,BGN,5009.97,24-589-1080,ICICI,547056283-2,4
554,Christopher,Widdowson,cwiddowsonfd@nymag.com,86,Male,CNY,3625.09,35-501-1661,SBI,513639707-1,42
555,Major,Gladbach,mgladbachfe@merriam-webster.com,9,Male,VND,5006.49,63-137-5472,SBI,563609489-2,3
556,Marquita,Simonich,msimonichff@oracle.com,31,Female,COP,4419.33,08-985-1972,SBI,705419480-2,7
557,Ilse,Stannard,istannardfg@mapy.cz,43,Female,CNY,5753.97,10-608-3327,KOTAK,977899845-0,6
558,Burr,Girvan,bgirvanfh@un.org,24,Male,XOF,5512.65,46-385-5475,SBI,318019980-6,1
559,Tilda,Lumley,tlumleyfi@friendfeed.com,17,Female,USD,5862.01,93-514-1186,KOTAK,429272638-8,42
560,Dru,McCowen,dmccowenfj@cbc.ca,5,Female,AZN,6483.1,52-910-3221,SBI,633707830-6,50
561,Marsh,Imlock,mimlockfk@issuu.com,67,Male,BRL,9581.53,59-467-2679,SBI,780824310-8,15
562,Garwin,Colleford,gcollefordfl@cornell.edu,60,Male,PLN,7115.21,25-601-8584,SBI,775973000-4,37
563,Hasheem,Blazevic,hblazevicfm@bbb.org,12,Male,EUR,9230.48,69-633-8897,ICICI,500533458-0,27
564,Giustino,Longforth,glongforthfn@nhs.uk,85,Male,EUR,9568.93,78-333-1995,ICICI,962435730-7,8
565,Rustie,Vynarde,rvynardefo@printfriendly.com,31,Male,SEK,9339.54,14-577-7402,SBI,822030047-7,35
566,Gibb,Simeons,gsimeonsfp@aboutads.info,54,Male,RSD,7960.52,88-505-9284,AXIS,953425692-7,11
567,Antoine,Mandre,amandrefq@sciencedaily.com,64,Male,BRL,6311.68,25-205-5122,KOTAK,286791603-8,22
568,Francisca,Lucchi,flucchifr@biglobe.ne.jp,74,Female,EUR,4013.58,96-160-3906,SBI,644727157-7,34
569,Clovis,Emmanuele,cemmanuelefs@w3.org,3,Female,BOB,4425.16,80-178-5702,SBI,882395433-9,10
570,Maisie,Stittle,mstittleft@narod.ru,11,Female,BRL,3273.29,77-444-5832,KOTAK,379739380-6,48
571,Kerr,Kyd,kkydfu@smh.com.au,74,Male,CNY,7811.69,73-739-0843,ICICI,837648305-6,40
572,Sherwood,Cajkler,scajklerfv@bing.com,15,Male,CUP,5896.95,90-341-9474,KOTAK,512197495-7,24
573,Delores,Orleton,dorletonfw@topsy.com,54,Female,PHP,7811.53,90-105-5942,AXIS,721679466-4,29
574,Raddie,Abrahim,rabrahimfx@dailymail.co.uk,67,Male,CNY,7515.9,98-748-1179,ICICI,333424672-8,48
575,Padraic,Brettel,pbrettelfy@fc2.com,33,Male,CNY,5902.82,63-646-0618,SBI,219758523-1,42
576,Debora,Phizacklea,dphizackleafz@howstuffworks.com,30,Female,USD,8658.12,37-080-2295,AXIS,585021701-0,32
577,Bryn,Brumpton,bbrumptong0@cnet.com,31,Female,UZS,5923.31,53-237-5031,HDFC,468100687-4,44
578,Bren,Cobbald,bcobbaldg1@ted.com,3,Male,CNY,3259.37,74-812-0268,ICICI,352021812-7,45
579,Ingaborg,Rubanenko,irubanenkog2@phoca.cz,3,Female,ALL,7658.57,21-797-2705,HDFC,479647457-9,27
580,Diane,Rattrie,drattrieg3@feedburner.com,34,Female,IDR,9045.43,95-324-4715,AXIS,534570059-1,19
581,Dimitry,Vesty,dvestyg4@github.io,35,Male,CNY,3805.05,33-739-7986,HDFC,234390376-X,33
582,Dyna,Brimilcombe,dbrimilcombeg5@blogger.com,62,Female,PHP,3354.65,87-679-9441,HDFC,588010991-7,39
583,Westbrook,Tibb,wtibbg6@pagesperso-orange.fr,37,Male,PLN,4885.33,89-889-6211,KOTAK,193836043-5,2
584,Lewie,Ritelli,lritellig7@blinklist.com,91,Male,NGN,3206.84,67-286-9162,SBI,744618837-5,1
585,Wilmar,MacClay,wmacclayg8@nih.gov,37,Male,IDR,6871.31,88-409-6253,ICICI,247474966-7,44
586,Ramon,Sansom,rsansomg9@statcounter.com,33,Male,EUR,5087.48,65-137-6971,KOTAK,305006469-2,17
587,Nico,McCreedy,nmccreedyga@yelp.com,28,Male,IDR,6443.81,24-381-0562,KOTAK,402964029-X,39
588,Chelsea,Jimson,cjimsongb@usnews.com,70,Female,PGK,7664.57,25-441-9328,ICICI,044766369-0,13
589,Fredra,Facchini,ffacchinigc@constantcontact.com,71,Female,EUR,4216.34,00-041-7525,KOTAK,379436382-5,26
590,Spike,Elvin,selvingd@ning.com,10,Male,PHP,3839.71,15-031-4547,AXIS,807236344-1,22
591,Winonah,Pulhoster,wpulhosterge@unblog.fr,68,Female,BRL,8900.32,75-972-6805,AXIS,582807066-5,40
592,Justen,McGougan,jmcgougangf@fema.gov,41,Male,EUR,9238.56,88-284-8153,AXIS,055344892-7,38
593,Baldwin,Gabrieli,bgabrieligg@infoseek.co.jp,15,Male,TJS,3502.55,65-737-4830,SBI,849283357-2,6
594,Terrill,McAline,tmcalinegh@photobucket.com,79,Male,IDR,3661.36,57-448-2089,AXIS,042008863-6,45
595,Carena,Alvares,calvaresgi@alibaba.com,97,Female,KWD,5977.18,46-648-7867,ICICI,429707071-5,24
596,Syman,Mushett,smushettgj@who.int,82,Male,EUR,6380.61,45-564-5390,SBI,996418221-X,18
597,Luce,Croan,lcroangk@latimes.com,7,Male,CNY,8549.97,04-934-8274,ICICI,077740212-2,44
598,Daniel,McCaughey,dmccaugheygl@chron.com,44,Male,IDR,9943.4,89-952-9631,AXIS,343005339-0,20
599,Guglielma,MacCardle,gmaccardlegm@google.es,79,Female,CNY,9261.31,75-758-0682,AXIS,749623825-2,42
600,Brook,Ferrieri,bferrierign@sciencedaily.com,96,Female,CNY,9864.94,73-375-0305,SBI,361052397-2,50
601,Aurelie,Shipston,ashipstongo@irs.gov,36,Female,CNY,6103.36,90-640-9436,AXIS,937698563-X,41
602,Ezri,Byrch,ebyrchgp@auda.org.au,91,Male,IDR,5244.6,20-607-4948,SBI,862444046-7,17
603,Melicent,Gudeman,mgudemangq@dedecms.com,97,Female,CNY,3332.15,84-479-3822,KOTAK,502413862-7,39
604,Alford,Aslet,aasletgr@upenn.edu,64,Male,EUR,7291.67,15-968-8590,KOTAK,107704042-3,7
605,Alvan,Poyle,apoylegs@feedburner.com,84,Male,PHP,5056.44,99-606-4749,SBI,716037829-6,33
606,Conchita,Wynett,cwynettgt@businessweek.com,9,Female,MXN,4212.51,60-642-7203,SBI,407063471-1,20
607,Raphaela,Backsal,rbacksalgu@walmart.com,98,Female,IDR,5478.65,71-349-8926,KOTAK,393917908-6,9
608,Quintana,Newgrosh,qnewgroshgv@ifeng.com,9,Female,CNY,3039.11,39-065-7871,ICICI,914472910-3,22
609,Buiron,Weldon,bweldongw@vkontakte.ru,100,Male,CNY,6612.88,79-427-1277,KOTAK,037174378-8,35
610,Lon,Steinhammer,lsteinhammergx@wix.com,86,Male,CNY,7279.68,76-369-8599,HDFC,891175820-5,36
611,Shannen,Dyshart,sdyshartgy@nba.com,93,Female,IDR,4556.95,92-816-8226,AXIS,265639291-8,40
612,Chelsea,Goldhill,cgoldhillgz@seattletimes.com,47,Female,IDR,9997.07,29-806-3857,AXIS,228589642-5,38
613,Jamie,Fend,jfendh0@woothemes.com,42,Male,CNY,6639.39,39-185-8317,KOTAK,835231508-0,27
614,Myrta,Semmence,msemmenceh1@friendfeed.com,62,Female,BRL,5469.12,66-967-3301,HDFC,546151942-3,16
615,Roldan,Abrahm,rabrahmh2@imgur.com,45,Male,PLN,3268.58,08-114-0607,AXIS,025917771-7,49
616,Patricia,Rego,pregoh3@storify.com,51,Female,CNY,4328.18,70-027-1994,AXIS,000365884-8,19
617,Garnette,Blouet,gbloueth4@boston.com,98,Female,EUR,3067.54,56-234-1492,AXIS,443020775-5,43
618,Even,Riseborough,eriseboroughh5@redcross.org,90,Male,BTN,8996.41,06-091-6652,SBI,247690446-5,1
619,Francis,Harwell,fharwellh6@ameblo.jp,38,Male,CNY,6688.64,41-268-3959,ICICI,299852130-4,1
620,Merci,Hanne,mhanneh7@360.cn,8,Female,IDR,7622.02,35-070-2827,SBI,503933360-9,26
621,Carl,Ramstead,cramsteadh8@51.la,15,Male,IDR,8636.25,30-146-0833,ICICI,416715010-7,50
622,Tann,Shakelady,tshakeladyh9@jalbum.net,34,Male,EGP,9279.12,40-772-0432,AXIS,745291005-2,33
623,Tallou,Mussilli,tmussilliha@livejournal.com,2,Female,CNY,9918.38,99-965-2432,ICICI,401977253-3,17
624,Kanya,Paskell,kpaskellhb@g.co,5,Female,BRL,7372.6,04-743-0175,ICICI,681796509-8,14
625,Vinny,De Simoni,vdesimonihc@washingtonpost.com,73,Female,ARS,4162.32,15-217-4705,SBI,425913246-6,48
626,Greggory,Edmunds,gedmundshd@cargocollective.com,44,Male,CNY,9502.36,13-297-9801,AXIS,363456914-X,3
627,Conway,Bennoe,cbennoehe@artisteer.com,20,Male,JPY,5296.76,54-058-3088,AXIS,461943870-7,2
628,Jess,Stain,jstainhf@jalbum.net,9,Male,XOF,8703.65,64-594-4561,AXIS,015445691-8,9
629,Cosette,Bianco,cbiancohg@cnbc.com,62,Female,ZAR,7092.59,00-999-8797,ICICI,588293835-X,13
630,Kent,Riveles,kriveleshh@sphinn.com,85,Male,CNY,9947.76,71-231-6286,AXIS,224451692-X,9
631,Christa,Giffon,cgiffonhi@booking.com,6,Female,IDR,6974.81,45-085-7936,AXIS,367526434-3,4
632,Augustine,Gildersleeve,agildersleevehj@odnoklassniki.ru,41,Female,EUR,7531.02,48-953-3059,HDFC,037502773-4,42
633,Joelynn,Billingham,jbillinghamhk@utexas.edu,18,Female,PHP,8631.26,87-856-1922,HDFC,585384912-3,45
634,Huntington,Jerdan,hjerdanhl@photobucket.com,99,Male,JPY,4410.6,98-597-6637,AXIS,924585687-9,12
635,Iolanthe,Rubinovici,irubinovicihm@nature.com,57,Female,BGN,8867.4,23-721-7749,ICICI,930451482-7,36
636,Rudiger,Cannell,rcannellhn@gnu.org,86,Male,PHP,9704.1,16-202-4591,AXIS,488145926-0,46
637,Roxie,Kittle,rkittleho@nymag.com,22,Female,IDR,6287.63,28-644-0928,HDFC,808522916-1,9
638,Kylila,Creelman,kcreelmanhp@slideshare.net,55,Female,CZK,6127.98,50-623-7574,AXIS,975686781-7,15
639,Kele,Dudson,kdudsonhq@nhs.uk,50,Male,BRL,4831.33,40-614-1608,AXIS,102160808-4,26
640,Lark,Michele,lmichelehr@ucoz.ru,29,Female,CNY,3255.95,57-990-4117,ICICI,837082831-0,23
641,Gearalt,Bielefeld,gbielefeldhs@exblog.jp,26,Male,CNY,9678.06,47-519-5651,ICICI,012915183-1,2
642,Dael,Dainty,ddaintyht@goodreads.com,9,Female,PKR,8055.41,69-647-5937,SBI,496598503-6,46
643,Burr,Tissiman,btissimanhu@de.vu,69,Male,COP,4045.59,17-073-7934,KOTAK,654594552-1,27
644,Kakalina,Presland,kpreslandhv@sfgate.com,98,Female,EUR,4677.68,91-479-1895,KOTAK,676303004-5,46
645,Dario,Ranns,drannshw@globo.com,59,Male,BAM,5317.46,33-953-2522,ICICI,014362270-6,26
646,Werner,Jumonet,wjumonethx@meetup.com,9,Male,CNY,7967.6,43-134-2946,SBI,206270090-3,47
647,Adriane,Bredgeland,abredgelandhy@wikispaces.com,68,Female,SEK,4328.12,80-982-0250,ICICI,690108978-3,22
648,Inez,Gaggen,igaggenhz@salon.com,53,Female,VND,9144.57,02-458-5528,SBI,466280532-5,39
649,Forster,O'Mohun,fomohuni0@topsy.com,41,Male,CNY,5147.5,35-375-1968,ICICI,918664136-0,24
650,Madelene,Duham,mduhami1@joomla.org,6,Female,CZK,8422.52,27-921-1989,HDFC,753098244-3,24
651,Kahlil,Mullane,kmullanei2@netvibes.com,69,Male,IDR,8312.93,24-928-7461,KOTAK,959301644-9,41
652,Moore,Learmont,mlearmonti3@miibeian.gov.cn,88,Male,KRW,4943.53,29-058-0301,AXIS,285793631-1,16
653,Land,Eaglestone,leaglestonei4@lycos.com,96,Male,EUR,3351.67,38-091-8104,SBI,616740473-9,27
654,Emeline,Minshull,eminshulli5@ehow.com,50,Female,BRL,4682.96,41-676-5953,AXIS,310495018-0,36
655,Shoshana,Float,sfloati6@sfgate.com,25,Female,UAH,9625.03,77-155-7010,HDFC,750342559-8,19
656,Bard,Doel,bdoeli7@zdnet.com,28,Male,ARS,6899.14,87-552-2275,AXIS,292729785-1,45
657,Jaynell,Espinos,jespinosi8@purevolume.com,25,Female,BRL,6406.63,63-964-5612,AXIS,694979829-6,17
658,Arnaldo,Terbeck,aterbecki9@t-online.de,20,Male,BRL,5210.26,37-414-1719,SBI,558234410-1,2
659,Stormy,Tupman,stupmania@timesonline.co.uk,5,Female,RUB,3725.59,32-452-7809,HDFC,120707803-4,32
660,Daphene,Goudge,dgoudgeib@wikia.com,95,Female,PLN,9072.37,28-835-2001,SBI,893836792-4,20
661,Casey,McWilliams,cmcwilliamsic@amazon.co.uk,68,Female,CNY,7453.34,61-355-2985,SBI,682314604-4,39
662,Zelda,Skeffington,zskeffingtonid@nature.com,48,Female,RUB,9674.54,52-486-4349,KOTAK,533709094-1,7
663,Miriam,Rudsdell,mrudsdellie@networksolutions.com,16,Female,SEK,5807.88,74-639-1898,HDFC,222671731-5,7
664,Carissa,Zorer,czorerif@trellian.com,18,Female,EUR,6241.9,17-081-4500,SBI,259006300-8,34
665,Lorne,Latehouse,llatehouseig@webnode.com,7,Female,XOF,6371.51,62-520-7020,AXIS,660956350-0,10
666,Florinda,Rebillard,frebillardih@tripod.com,20,Female,MYR,5108.82,11-074-4271,SBI,211574887-5,27
667,Cory,Hysom,chysomii@paypal.com,30,Male,SEK,6562.95,07-879-4991,HDFC,683843211-0,30
668,Jerrilee,Karpeev,jkarpeevij@amazon.de,62,Female,THB,9915.09,85-819-2505,HDFC,358499731-3,22
669,Nathalie,Imore,nimoreik@deliciousdays.com,73,Female,THB,4973.29,24-000-9125,SBI,991435562-5,41
670,Teddie,Castro,tcastroil@shareasale.com,79,Female,IDR,9196.78,31-659-2771,SBI,658590709-4,7
671,Royce,Gameson,rgamesonim@arstechnica.com,89,Male,IDR,7004.59,29-613-2551,AXIS,520010709-1,35
672,Dru,Al Hirsi,dalhirsiin@addtoany.com,46,Male,IDR,4787.4,95-271-9117,SBI,391884806-X,19
673,Karlee,Henniger,khennigerio@marriott.com,6,Female,IDR,6513.36,48-587-0563,AXIS,040452376-5,31
674,Jorry,Mathan,jmathanip@nytimes.com,26,Female,EUR,7632.36,32-291-9950,ICICI,698589851-3,20
675,Nollie,Le land,nlelandiq@blogger.com,59,Male,UZS,5780.77,86-700-8275,KOTAK,980493803-0,35
676,Alix,Dansken,adanskenir@timesonline.co.uk,19,Male,RUB,5795.56,98-054-5932,AXIS,943394558-1,21
677,Mia,Grigson,mgrigsonis@spotify.com,73,Female,MNT,7430.25,32-237-1818,AXIS,354324539-2,42
678,Arri,Pumphreys,apumphreysit@google.nl,19,Male,CNY,9475.54,31-023-0433,HDFC,523573141-7,31
679,Berni,Ellin,belliniu@smugmug.com,100,Female,IDR,6535.16,59-305-2916,AXIS,472270602-6,9
680,Tanney,Gatrill,tgatrilliv@dell.com,18,Male,CNY,5531.72,65-103-5648,ICICI,721399988-5,19
681,Dinnie,Paylor,dpayloriw@macromedia.com,40,Female,ARS,9192.84,61-805-0886,ICICI,499921399-0,47
682,Ganny,Seleway,gselewayix@wsj.com,93,Male,EUR,3246.84,19-754-1937,ICICI,805838319-8,49
683,Addy,Linggard,alinggardiy@admin.ch,66,Female,CNY,5183.46,45-357-9410,HDFC,883696552-0,36
684,Krystalle,Franscioni,kfranscioniiz@google.ca,40,Female,RUB,9370.07,05-311-3120,KOTAK,917492523-7,2
685,Dare,Eastwell,deastwellj0@slashdot.org,79,Male,THB,3845.38,79-489-8679,SBI,862288582-8,3
686,Patrick,Ormshaw,pormshawj1@icq.com,3,Male,PHP,8354.37,04-933-2276,HDFC,650595354-X,29
687,Chelsey,Wybrew,cwybrewj2@ycombinator.com,57,Female,IDR,4452.77,56-195-0973,AXIS,487912137-1,47
688,Augustin,Thorold,athoroldj3@earthlink.net,6,Male,TJS,6189.06,98-707-4000,KOTAK,741864659-3,4
689,Laurena,Bridgman,lbridgmanj4@photobucket.com,4,Female,CNY,4535.11,78-800-7911,SBI,572044137-9,5
690,Melisenda,Blackbourn,mblackbournj5@sphinn.com,29,Female,CAD,6612.9,56-040-9744,SBI,356397798-4,10
691,Kathi,Ogdahl,kogdahlj6@pagesperso-orange.fr,63,Female,EUR,8289.92,56-143-6628,KOTAK,316557414-6,3
692,Jacques,Banaszczyk,jbanaszczykj7@hubpages.com,56,Male,SEK,7230.63,38-913-0104,SBI,045162212-X,3
693,Muire,Pender,mpenderj8@cbc.ca,99,Female,IDR,3151.37,41-101-6167,HDFC,476520527-4,24
694,Pace,Phizackerly,pphizackerlyj9@1688.com,49,Male,CNY,8515.93,14-128-8453,KOTAK,017173591-9,11
695,Agneta,Macknish,amacknishja@taobao.com,31,Female,BRL,8258.08,20-653-3793,KOTAK,197477909-2,21
696,Consolata,Babin,cbabinjb@arstechnica.com,28,Female,EUR,3684.13,80-638-6962,AXIS,254476416-3,36
697,Dick,Ewert,dewertjc@gravatar.com,96,Male,ALL,9838.1,61-638-4202,ICICI,930962353-5,40
698,Pepita,Isgate,pisgatejd@slate.com,59,Female,EUR,9292.17,50-179-8262,AXIS,644291188-8,46
699,Killie,Tofanini,ktofaninije@issuu.com,24,Male,TZS,4035.5,91-926-9815,KOTAK,653614157-1,8
700,Roderich,Marginson,rmarginsonjf@mozilla.org,86,Male,AFN,5663.32,76-276-4628,SBI,285974715-X,15
701,Rogers,Dimblebee,rdimblebeejg@japanpost.jp,63,Male,XAF,6033.47,83-700-3181,KOTAK,542593511-0,48
702,Wright,Brewitt,wbrewittjh@redcross.org,53,Male,CRC,3240.21,55-586-9540,AXIS,311826714-3,27
703,Dan,Caudell,dcaudellji@deviantart.com,57,Male,EUR,9734.64,78-063-7759,SBI,727953348-5,16
704,Cristy,Mandifield,cmandifieldjj@census.gov,37,Female,UGX,4640.04,33-367-8129,SBI,955407877-3,33
705,Desi,Le Pine,dlepinejk@wiley.com,82,Male,MKD,3883.56,19-360-1127,KOTAK,867972421-1,39
706,Bertha,Cadore,bcadorejl@a8.net,39,Female,PLN,3608.32,81-691-9001,KOTAK,115902555-X,1
707,Inigo,Dockrill,idockrilljm@scientificamerican.com,83,Male,USD,6572.97,35-211-3559,KOTAK,471948384-4,16
708,Jakie,Harborow,jharborowjn@hugedomains.com,87,Male,BRL,8327.17,91-525-4945,AXIS,478424077-2,46
709,Beitris,Haycroft,bhaycroftjo@scientificamerican.com,21,Female,PEN,6518.8,31-923-9800,AXIS,914241217-X,32
710,Kimbra,Comport,kcomportjp@sina.com.cn,81,Female,RSD,7102.39,05-637-9525,HDFC,620270424-1,10
711,Man,Blissitt,mblissittjq@washingtonpost.com,14,Male,EUR,9941.28,18-306-5358,AXIS,666851289-5,2
712,Rafi,McPhelimey,rmcphelimeyjr@cocolog-nifty.com,55,Male,CNY,4243.84,70-197-0101,SBI,589833118-2,3
713,Henrietta,McElvogue,hmcelvoguejs@noaa.gov,96,Female,CNY,4652.77,87-348-2514,KOTAK,820007848-5,17
714,Sutton,Brandom,sbrandomjt@mail.ru,78,Male,CNY,7899.71,33-783-1967,ICICI,779083167-4,35
715,Evonne,Crosoer,ecrosoerju@virginia.edu,30,Female,IDR,5198.02,24-826-9877,SBI,903018366-7,10
716,Hailey,Bend,hbendjv@fc2.com,95,Male,BBD,6856.72,12-204-0961,AXIS,499190242-8,12
717,Pietro,Lazer,plazerjw@flickr.com,41,Male,VND,8543.39,22-440-3300,HDFC,426195837-6,2
718,Merry,Gatman,mgatmanjx@abc.net.au,12,Female,IDR,9362.48,89-143-6753,HDFC,778561970-0,28
719,Lindsy,Goulden,lgouldenjy@hp.com,38,Female,SEK,6769.26,97-749-8454,ICICI,785403410-9,5
720,Veronike,Hourihane,vhourihanejz@hexun.com,35,Female,PHP,9580.75,03-891-4216,HDFC,316142275-9,26
721,Susanetta,Titlow,stitlowk0@craigslist.org,89,Female,EUR,4437.27,48-226-4473,SBI,350793835-9,18
722,Jan,McCallam,jmccallamk1@amazon.co.jp,32,Female,PLN,7079.1,58-721-5044,HDFC,767772660-7,29
723,Jennine,Binley,jbinleyk2@shareasale.com,77,Female,EUR,7504.67,21-105-4670,KOTAK,962080376-0,42
724,Kelcie,Toplin,ktoplink3@de.vu,85,Female,EUR,4447.62,10-577-0825,SBI,748039727-5,34
725,Fredericka,Bachanski,fbachanskik4@patch.com,74,Female,VND,6564.77,81-416-7800,KOTAK,355095196-5,26
726,Davidson,Claxton,dclaxtonk5@google.it,5,Male,UAH,4946.75,25-794-1113,SBI,058039171-X,23
727,Vernice,Allso,vallsok6@joomla.org,65,Female,IDR,4711.62,62-744-6286,HDFC,061588736-8,35
728,Gaynor,Parsley,gparsleyk7@china.com.cn,93,Female,EUR,3086.19,08-585-8758,AXIS,522765023-3,43
729,Willie,Carr,wcarrk8@nationalgeographic.com,38,Female,IDR,3882.11,79-987-7115,ICICI,602768514-X,46
730,Eduard,McDavitt,emcdavittk9@sitemeter.com,14,Male,BRL,6383.24,34-463-2329,AXIS,138509941-0,48
731,Jany,Egiloff,jegiloffka@ameblo.jp,72,Female,UAH,7142.93,87-423-1482,AXIS,281088273-8,21
732,Betta,Blundel,bblundelkb@japanpost.jp,60,Female,DOP,3664.93,50-297-3485,SBI,376322350-9,49
733,Barney,Gerhts,bgerhtskc@nhs.uk,46,Male,PAB,3272.0,32-078-8979,ICICI,793895648-1,7
734,Adams,Cathie,acathiekd@cargocollective.com,81,Male,CLP,7986.51,37-175-3403,KOTAK,863723793-2,30
735,Aaren,Tomankiewicz,atomankiewiczke@usgs.gov,87,Female,PLN,3016.87,56-734-0850,KOTAK,837290234-8,16
736,Calhoun,Henken,chenkenkf@rediff.com,15,Male,TND,3061.28,64-629-6332,ICICI,007577161-6,33
737,Aguistin,Bostock,abostockkg@surveymonkey.com,10,Male,CNY,9745.94,42-611-6995,AXIS,286752104-1,46
738,Sherline,McArd,smcardkh@oaic.gov.au,92,Female,EUR,9777.7,82-672-4309,HDFC,148379233-1,35
739,Elicia,Galia,egaliaki@angelfire.com,12,Female,PHP,9331.61,53-359-1870,SBI,963716168-6,50
740,Hollie,Geraghty,hgeraghtykj@ocn.ne.jp,25,Female,PEN,4370.57,17-558-6556,HDFC,954167267-1,47
741,Henryetta,Nickerson,hnickersonkk@smh.com.au,8,Female,CNY,9468.76,09-398-9760,SBI,709375490-2,8
742,Tedd,Oubridge,toubridgekl@adobe.com,88,Male,PLN,8115.7,82-571-9138,HDFC,521073436-6,10
743,Sandor,Natwick,snatwickkm@mit.edu,95,Male,PHP,9670.37,12-611-7055,SBI,448101241-2,24
744,Mirabella,Haskey,mhaskeykn@gmpg.org,77,Female,XAF,8858.79,73-897-3679,KOTAK,449721621-7,45
745,Dulce,Claydon,dclaydonko@apple.com,8,Female,RUB,8132.04,64-411-9744,KOTAK,866483345-1,34
746,Lynn,Darrington,ldarringtonkp@tripadvisor.com,88,Female,EUR,7392.44,79-137-8777,HDFC,989434551-4,49
747,Erroll,Ludron,eludronkq@cnet.com,78,Male,HNL,8513.48,74-161-5504,KOTAK,923325508-5,6
748,Frederick,Mandel,fmandelkr@ca.gov,83,Male,PEN,4094.38,50-830-5267,SBI,060561082-7,9
749,Thorny,Rois,troisks@trellian.com,27,Male,CNY,9594.58,95-282-3243,SBI,940557199-0,35
750,Twyla,Foxhall,tfoxhallkt@bigcartel.com,11,Female,VND,6165.59,79-909-9922,ICICI,547829562-0,6
751,Meade,Domenici,mdomeniciku@networksolutions.com,16,Female,RUB,6834.79,86-815-5796,ICICI,993197725-6,28
752,Cory,Nesbit,cnesbitkv@surveymonkey.com,11,Male,XOF,7154.16,66-587-2191,AXIS,220121536-7,5
753,Anderson,McGillivray,amcgillivraykw@google.com.au,44,Male,RUB,6219.84,06-876-0369,SBI,028652627-1,11
754,Stormy,Rodder,srodderkx@example.com,88,Female,CNY,9828.64,67-204-3751,AXIS,532929019-8,35
755,Annette,Widmoor,awidmoorky@flavors.me,83,Female,XAF,3774.85,40-195-2961,ICICI,536334924-8,50
756,Ewan,Sevitt,esevittkz@un.org,30,Male,EUR,7609.32,98-482-9902,HDFC,750159112-1,18
757,Barbaraanne,Weakley,bweakleyl0@4shared.com,27,Female,SEK,6553.34,22-242-1158,ICICI,591301893-1,13
758,Petr,Rupel,prupell1@phoca.cz,83,Male,IDR,7257.85,80-225-9776,ICICI,911833849-6,10
759,Rafferty,Fielders,rfieldersl2@washingtonpost.com,56,Male,ETB,5210.59,67-597-5334,KOTAK,065797298-3,45
760,Fabe,Wane,fwanel3@amazon.co.jp,1,Male,XOF,8001.89,17-459-2293,HDFC,334417917-9,29
761,Hirsch,Quarmby,hquarmbyl4@desdev.cn,35,Male,BRL,4985.43,71-799-6499,ICICI,463361909-8,49
762,Dallis,Kermode,dkermodel5@geocities.com,53,Male,RSD,4528.12,58-743-6084,HDFC,179751735-X,36
763,Noby,Durban,ndurbanl6@macromedia.com,44,Male,HRK,8856.76,98-779-0202,KOTAK,756443347-7,20
764,Kessia,Vallintine,kvallintinel7@mysql.com,42,Female,PHP,7623.23,73-280-7658,HDFC,938244229-4,6
765,Melanie,West,mwestl8@symantec.com,26,Female,MNT,9607.47,47-908-3860,ICICI,882269000-1,21
766,Yvonne,Sebastian,ysebastianl9@nydailynews.com,35,Female,IDR,4774.82,47-346-3302,KOTAK,851870628-9,39
767,Ofella,Tottem,otottemla@bluehost.com,4,Female,EUR,6900.62,18-517-6401,KOTAK,731905116-8,20
768,Darryl,Worner,dwornerlb@bloglines.com,48,Female,BRL,6598.8,77-214-2921,SBI,319914793-3,30
769,Laurianne,Ghidoni,lghidonilc@paypal.com,32,Female,CNY,8909.05,62-397-0889,AXIS,791944126-9,47
770,Noelle,Bygrove,nbygroveld@ihg.com,43,Female,EUR,3337.83,28-191-9916,HDFC,554125847-2,17
771,Oralee,Penna,opennale@salon.com,56,Female,HRK,4101.99,29-241-7875,SBI,274437914-X,26
772,Gunar,Goodban,ggoodbanlf@google.fr,64,Male,CNY,5940.16,43-677-2246,AXIS,827767853-3,10
773,Ernestine,Garratty,egarrattylg@squarespace.com,39,Female,USD,5528.25,22-797-4998,ICICI,905441978-4,18
774,Olga,Larmuth,olarmuthlh@buzzfeed.com,52,Female,PHP,3641.72,66-861-5739,HDFC,153551083-8,44
775,Nessie,Wormstone,nwormstoneli@devhub.com,90,Female,MKD,9913.25,31-480-9600,SBI,456516032-3,11
776,Andy,Scroxton,ascroxtonlj@usgs.gov,91,Male,CNY,3446.13,80-360-1904,AXIS,904975599-2,6
777,Raynell,Domelaw,rdomelawlk@arizona.edu,15,Female,CNY,6134.98,09-545-9027,ICICI,005618635-5,19
778,Horacio,Saura,hsaurall@mysql.com,30,Male,CNY,3246.52,05-229-1109,ICICI,428507993-3,15
779,Gwendolin,Killock,gkillocklm@webeden.co.uk,49,Female,PLN,5607.18,91-234-4091,KOTAK,747090748-3,7
780,Adaline,Gatherell,agatherellln@vk.com,58,Female,KRW,9698.31,63-157-7818,HDFC,852302424-7,35
781,Percy,Bricknell,pbricknelllo@admin.ch,98,Male,THB,4522.22,46-810-8928,AXIS,982626981-6,17
782,Briano,Slayny,bslaynylp@google.com,20,Male,IDR,5807.32,97-277-7732,AXIS,404552784-2,8
783,Brendin,Bamber,bbamberlq@sourceforge.net,21,Male,SEK,7600.99,74-009-8253,KOTAK,730354155-1,44
784,Ira,Denslow,idenslowlr@uol.com.br,46,Female,CNY,8930.15,05-513-6290,KOTAK,830866519-5,6
785,Tynan,Fontanet,tfontanetls@unblog.fr,27,Male,EUR,8467.74,91-573-4301,SBI,641307433-7,4
786,Thorvald,Gouck,tgoucklt@walmart.com,50,Male,PHP,5199.5,92-247-4899,KOTAK,885296186-0,18
787,Matias,Toler,mtolerlu@youtu.be,18,Male,BYR,4459.46,40-857-3851,KOTAK,220394535-4,50
788,Seline,Stagg,sstagglv@java.com,20,Female,IDR,6595.41,84-660-4810,SBI,944445908-X,14
789,Cyrus,Challens,cchallenslw@blinklist.com,22,Male,EUR,9341.7,25-684-7329,HDFC,815291821-0,19
790,Donaugh,Goggins,dgogginslx@google.fr,75,Male,CNY,6040.29,79-166-0200,SBI,784053108-3,6
791,Lavina,O'Lagene,lolagenely@utexas.edu,62,Female,RUB,6424.56,60-766-4884,AXIS,369434540-X,44
792,Jilly,Hampstead,jhampsteadlz@wikipedia.org,98,Female,RSD,5701.17,10-070-8992,KOTAK,288237075-X,34
793,Alvina,Temprell,atemprellm0@rambler.ru,35,Female,SYP,5899.22,96-594-2060,KOTAK,273024566-9,47
794,Burtie,Sommer,bsommerm1@senate.gov,68,Male,CZK,5383.63,69-800-0998,HDFC,970877121-X,34
795,Maxi,Vials,mvialsm2@gnu.org,32,Female,PLN,7907.02,32-705-9300,AXIS,098867327-4,8
796,Shanie,Malcolm,smalcolmm3@answers.com,61,Female,CNY,3286.75,48-351-8271,ICICI,503722641-4,36
797,Marysa,Rowen,mrowenm4@jimdo.com,44,Female,PHP,5678.98,19-402-4778,AXIS,427716573-7,6
798,Theda,Icom,ticomm5@slideshare.net,50,Female,EUR,9533.23,83-954-4577,SBI,752549229-8,23
799,Alleyn,Kearton,akeartonm6@who.int,73,Male,RUB,6300.5,86-229-4424,HDFC,807000561-0,21
800,Freddy,Pendrid,fpendridm7@oaic.gov.au,66,Male,CNY,7179.95,02-390-8159,KOTAK,833979269-5,24
801,Lavinie,Tinwell,ltinwellm8@canalblog.com,30,Female,EUR,6643.3,21-515-5336,AXIS,823966377-X,39
802,Erhart,Robertsen,erobertsenm9@accuweather.com,90,Male,EUR,8736.35,46-833-4462,KOTAK,003217187-0,23
803,Emmet,de Villier,edevillierma@google.de,26,Male,PHP,8715.7,68-739-7840,AXIS,171962683-9,2
804,Velma,Growcott,vgrowcottmb@miitbeian.gov.cn,17,Female,PLN,4170.02,91-675-8168,ICICI,993689504-5,35
805,Kiele,Tradewell,ktradewellmc@dion.ne.jp,45,Female,XAF,6199.28,51-028-1549,SBI,422644810-3,14
806,Hollis,Winstone,hwinstonemd@vistaprint.com,25,Male,EUR,4828.58,87-526-1128,KOTAK,028247187-1,23
807,Aveline,Dumbreck,adumbreckme@reverbnation.com,39,Female,EUR,4448.51,31-096-5749,ICICI,666327733-2,11
808,Pavla,Speere,pspeeremf@pbs.org,93,Female,CNY,4798.98,76-349-1488,KOTAK,417270155-8,30
809,Brion,Lubomirski,blubomirskimg@gravatar.com,89,Male,IDR,4854.08,99-481-8742,ICICI,859933192-2,7
810,Doyle,Rouge,drougemh@prnewswire.com,75,Male,IDR,8042.77,17-540-3452,HDFC,802127582-0,40
811,Ber,Fulton,bfultonmi@bloomberg.com,52,Male,RUB,8630.23,16-168-0087,SBI,480017414-7,50
812,Normy,Hockell,nhockellmj@china.com.cn,13,Male,BRL,7585.19,51-118-6403,KOTAK,342160663-3,22
813,Dewey,Oxx,doxxmk@nih.gov,86,Male,EUR,6436.19,85-573-0383,AXIS,424114406-3,5
814,Corabelle,Marusik,cmarusikml@berkeley.edu,35,Female,SEK,5048.66,98-416-4734,AXIS,386038519-4,13
815,Hazel,Garrioch,hgarriochmm@google.it,96,Female,VND,5760.42,96-982-5731,SBI,270711803-6,28
816,Cull,Bare,cbaremn@ucsd.edu,5,Male,EGP,8797.11,51-366-4499,ICICI,844995031-7,22
817,Mal,Schurig,mschurigmo@pagesperso-orange.fr,39,Male,CNY,4831.08,22-456-1352,SBI,264966002-3,21
818,Charley,Tebboth,ctebbothmp@hostgator.com,28,Male,CNY,3714.87,21-047-6763,SBI,701242413-3,6
819,La verne,Bernasek,lbernasekmq@gizmodo.com,73,Female,AMD,3714.81,77-337-8227,AXIS,118170109-0,22
820,Archie,Pople,apoplemr@twitter.com,79,Male,CZK,7884.22,40-743-1173,HDFC,868630795-7,19
821,Dasie,Pariss,dparissms@stanford.edu,84,Female,BRL,4029.63,70-173-9098,KOTAK,455183538-2,4
822,Caprice,Ehrat,cehratmt@bloglines.com,79,Female,PLN,7688.76,08-472-2799,AXIS,460958428-X,1
823,Belinda,Curgenven,bcurgenvenmu@prweb.com,9,Female,THB,4653.94,84-700-1253,SBI,380199434-1,4
824,Bellanca,Saphir,bsaphirmv@skype.com,69,Female,SYP,4135.05,10-337-7775,ICICI,448280936-5,14
825,Sileas,Melmore,smelmoremw@time.com,51,Female,IDR,9913.68,96-694-0945,SBI,450563983-5,21
826,Merry,Cuniffe,mcuniffemx@bloomberg.com,98,Male,BRL,9474.49,40-784-3018,KOTAK,904865758-X,40
827,Cleve,Edworthye,cedworthyemy@ucoz.ru,5,Male,CNY,5151.43,96-874-9059,HDFC,782054969-6,38
828,Butch,Pickthorn,bpickthornmz@usatoday.com,80,Male,PLN,7873.26,51-054-9445,HDFC,991137670-2,49
829,Felice,Dunge,fdungen0@blogger.com,68,Male,PHP,6008.59,57-615-3328,AXIS,740086777-6,4
830,Mead,Clyma,mclyman1@ft.com,9,Female,EUR,9901.39,49-344-9208,KOTAK,891024825-4,41
831,Yancy,Petrashov,ypetrashovn2@umich.edu,86,Male,JPY,6906.57,36-569-9623,ICICI,505329124-1,42
832,May,Axtens,maxtensn3@jimdo.com,15,Female,IDR,6467.74,47-847-9103,ICICI,894457148-1,13
833,Mattias,Dilnot,mdilnotn4@boston.com,65,Male,CAD,6056.54,16-194-6264,HDFC,875669283-8,35
834,Ely,Napton,enaptonn5@berkeley.edu,69,Male,ALL,7318.2,99-630-5825,HDFC,225933648-5,5
835,Barnebas,Wilkerson,bwilkersonn6@arizona.edu,21,Male,RUB,4747.89,70-158-7604,HDFC,299353735-0,44
836,Viviyan,Liddall,vliddalln7@4shared.com,34,Female,COP,7860.53,40-746-3040,SBI,772417728-7,46
837,Angelika,Kuschel,akuscheln8@digg.com,36,Female,BYR,4478.36,45-975-4024,HDFC,964326905-1,13
838,Derick,Attril,dattriln9@oaic.gov.au,30,Male,MXN,9145.12,55-850-8167,KOTAK,579592576-4,29
839,Moyra,Lannon,mlannonna@cbsnews.com,44,Female,SEK,6668.73,29-712-1384,ICICI,115011098-8,4
840,Dreddy,Westwell,dwestwellnb@technorati.com,8,Female,COP,9185.34,10-353-0823,ICICI,589437000-0,47
841,Marshal,Carayol,mcarayolnc@arstechnica.com,43,Male,GTQ,6533.0,33-010-8707,HDFC,290149089-1,18
842,Temple,Hazael,thazaelnd@ebay.co.uk,76,Male,HRK,6169.69,04-763-7471,HDFC,186583744-X,49
843,Lorie,Adiscot,ladiscotne@goo.gl,19,Female,IDR,5239.51,32-921-6821,SBI,566325294-0,48
844,Livvyy,Teasell,lteasellnf@meetup.com,89,Female,RUB,9558.43,79-156-7512,SBI,097334173-4,5
845,Amii,Wannell,awannellng@i2i.jp,66,Female,EUR,3239.59,48-212-0156,AXIS,703872697-8,50
846,Brandise,Grocott,bgrocottnh@opera.com,70,Female,VND,6820.06,33-199-3689,SBI,085495058-3,13
847,Bren,Bridgen,bbridgenni@diigo.com,92,Female,HUF,8546.05,88-318-5549,KOTAK,991520179-6,26
848,Jorgan,Rentcome,jrentcomenj@nyu.edu,92,Male,CNY,5109.09,37-886-0551,HDFC,832771592-5,17
849,Benedetta,Trewhella,btrewhellank@simplemachines.org,85,Female,JOD,7322.59,66-736-7247,SBI,530668121-2,34
850,Jocelin,Kort,jkortnl@mit.edu,73,Female,CLP,6703.47,12-735-1787,SBI,880984892-6,8
851,Timmy,Kubach,tkubachnm@theguardian.com,36,Female,CNY,5171.68,94-380-8950,ICICI,230365676-1,21
852,Lowe,Hatz,lhatznn@slate.com,89,Male,XAF,4704.41,12-874-5674,SBI,139179021-9,40
853,Case,Leghorn,cleghornno@berkeley.edu,48,Male,RUB,6136.47,90-124-6106,KOTAK,991772603-9,38
854,Eli,Disbrey,edisbreynp@hhs.gov,64,Male,ARS,5047.18,89-111-4740,KOTAK,962095642-7,5
855,Redford,Burgott,rburgottnq@shareasale.com,30,Male,PAB,4698.03,15-496-1426,HDFC,385269457-4,48
856,Katee,Twinterman,ktwintermannr@amazon.co.uk,42,Female,CNY,7136.29,42-311-4362,KOTAK,339055020-8,10
857,Abigael,Swatheridge,aswatheridgens@bravesites.com,73,Female,MAD,8101.15,31-410-5377,AXIS,741643648-6,35
858,Hollie,Andree,handreent@hp.com,90,Female,CNY,6079.01,41-101-3476,KOTAK,726344701-0,35
859,Terrye,Dreelan,tdreelannu@mapy.cz,19,Female,IDR,9629.46,76-001-6589,ICICI,164060549-5,20
860,Lori,Shurman,lshurmannv@yale.edu,72,Female,EUR,7110.69,16-322-4446,HDFC,939880883-8,44
861,Delainey,Twist,dtwistnw@cocolog-nifty.com,57,Male,CNY,3512.07,77-932-2057,KOTAK,341798210-3,34
862,Zorah,Pundy,zpundynx@paypal.com,79,Female,CNY,3905.62,16-880-8604,ICICI,723892684-9,41
863,Manny,Karpol,mkarpolny@freewebs.com,98,Male,RUB,9219.94,22-487-9481,KOTAK,354349955-6,2
864,Violante,Fiddymont,vfiddymontnz@walmart.com,9,Female,CNY,6993.93,96-534-4872,AXIS,093284412-X,22
865,Rodrigo,Tuma,rtumao0@mtv.com,75,Male,PEN,4715.55,70-095-1061,SBI,027087752-5,25
866,Avery,Farmar,afarmaro1@scribd.com,7,Male,MXN,3261.97,84-802-5775,ICICI,774687779-6,21
867,Derril,Moyers,dmoyerso2@nih.gov,84,Male,CNY,3645.13,25-898-8698,HDFC,984996389-1,26
868,Allina,Barnfield,abarnfieldo3@nps.gov,2,Female,PHP,3082.32,96-841-2369,KOTAK,118231419-8,28
869,Darcey,Walsh,dwalsho4@zdnet.com,86,Female,CZK,6583.67,60-796-8393,AXIS,262583534-6,34
870,Solly,Azam,sazamo5@miitbeian.gov.cn,41,Male,CNY,6856.3,98-423-5690,KOTAK,693544645-7,44
871,Karrie,Royse,kroyseo6@si.edu,96,Female,CAD,7237.84,66-291-4131,SBI,012971482-8,47
872,Shaun,De Marchi,sdemarchio7@drupal.org,18,Female,CNY,5002.55,77-629-0037,HDFC,930890805-6,2
873,Abbe,Roo,arooo8@tumblr.com,47,Male,PLN,7905.14,79-357-8846,HDFC,049569981-0,11
874,Tore,Roelvink,troelvinko9@ibm.com,44,Male,EUR,6365.21,73-458-1647,SBI,770158292-4,9
875,Aubert,Spanton,aspantonoa@angelfire.com,89,Male,NGN,7289.26,86-095-4948,AXIS,920234332-2,42
876,Fran,Livingston,flivingstonob@xing.com,28,Male,IDR,3958.33,56-963-2765,SBI,810840326-X,23
877,Carlina,Lorincz,clorinczoc@pagesperso-orange.fr,85,Female,PHP,9434.53,50-756-4926,SBI,860863197-0,16
878,Melamie,Bouller,mboullerod@cdbaby.com,65,Female,IDR,5743.37,44-309-0070,ICICI,613235425-5,11
879,Jaime,Paeckmeyer,jpaeckmeyeroe@buzzfeed.com,12,Female,EUR,8510.95,99-126-8531,HDFC,063327190-X,21
880,Geoffry,Graffin,ggraffinof@soundcloud.com,52,Male,EUR,4439.01,85-758-4422,SBI,892603176-4,13
881,Emmery,Camillo,ecamilloog@csmonitor.com,12,Male,BRL,7515.17,19-146-4108,SBI,612130477-4,5
882,Robinia,Karpinski,rkarpinskioh@nhs.uk,69,Female,CAD,4671.25,36-879-7280,AXIS,424556769-4,11
883,Dimitri,Vamplew,dvamplewoi@digg.com,93,Male,BRL,5339.15,66-531-2568,AXIS,191677732-5,10
884,Scot,Flockhart,sflockhartoj@salon.com,34,Male,CNY,6156.0,60-232-8258,AXIS,617200065-9,8
885,Ferrel,Kinastan,fkinastanok@bloglovin.com,24,Male,IDR,4700.32,20-475-4089,AXIS,276223375-5,12
886,Jarret,Sharrock,jsharrockol@multiply.com,92,Male,CNY,3040.2,02-877-3967,AXIS,608746288-0,19
887,Lorant,Fearney,lfearneyom@theatlantic.com,44,Male,CNY,3382.62,31-309-3645,ICICI,898810528-1,5
888,Isidore,Vaughan-Hughes,ivaughanhugheson@yandex.ru,49,Male,USD,7045.59,10-088-6385,AXIS,914115099-6,23
889,Tierney,Cumes,tcumesoo@linkedin.com,88,Female,IDR,6425.32,89-158-0920,KOTAK,111206346-3,6
890,Care,Christal,cchristalop@npr.org,64,Male,COP,7384.39,91-018-2918,ICICI,870015528-4,7
891,Yance,Francescuccio,yfrancescucciooq@gnu.org,27,Male,SEK,9074.96,30-247-1563,HDFC,046331994-X,40
892,Yetty,Lippo,ylippoor@google.cn,67,Female,UAH,8903.76,29-489-8543,AXIS,576509508-9,33
893,Jacky,Achromov,jachromovos@earthlink.net,33,Male,TTD,6858.41,87-715-2883,HDFC,454539625-9,47
894,Gal,Blankett,gblankettot@tiny.cc,3,Male,SAR,5004.11,39-361-8707,SBI,511510513-6,33
895,Bobbette,Luigi,bluigiou@edublogs.org,13,Female,CNY,9815.1,26-585-3511,SBI,396304302-4,49
896,Artur,Mulvihill,amulvihillov@ibm.com,87,Male,EUR,7468.72,71-553-4537,HDFC,820362223-2,43
897,Adamo,Grasha,agrashaow@mozilla.com,60,Male,RUB,6008.14,78-811-3656,HDFC,440141413-6,32
898,Iris,Hussy,ihussyox@msn.com,88,Female,CNY,4605.4,92-921-1103,HDFC,451114672-1,3
899,Hercule,Hastwell,hhastwelloy@wix.com,67,Male,XOF,6618.62,18-867-0598,KOTAK,141274872-0,26
900,Lavinie,Chowne,lchowneoz@ycombinator.com,22,Female,BRL,5323.73,75-586-4091,KOTAK,672279470-9,17
901,Lucius,Shackleton,lshackletonp0@irs.gov,34,Male,EUR,8944.18,27-949-9975,KOTAK,965876052-X,48
902,Paola,Breston,pbrestonp1@chronoengine.com,57,Female,SEK,5026.26,85-947-9008,AXIS,466271721-3,49
903,Heidie,Rosenblath,hrosenblathp2@imageshack.us,63,Female,RUB,4347.3,46-123-8665,ICICI,779286190-2,28
904,Tybie,Raddish,traddishp3@hibu.com,65,Female,HNL,4543.12,96-574-8928,SBI,869547488-7,28
905,Glenna,Abrahmson,gabrahmsonp4@rediff.com,12,Female,CZK,6428.6,85-572-2590,ICICI,695926564-9,11
906,Glen,Boldecke,gboldeckep5@foxnews.com,79,Male,KYD,5822.25,08-315-3957,SBI,384031868-8,35
907,Rickey,Connold,rconnoldp6@nbcnews.com,90,Male,IDR,4852.9,43-933-6329,SBI,779991769-5,31
908,Hunfredo,Ragless,hraglessp7@scientificamerican.com,66,Male,PHP,9629.96,66-173-8932,AXIS,047268637-2,3
909,Tabbi,Atchly,tatchlyp8@sina.com.cn,5,Female,PHP,6555.81,23-165-9709,AXIS,346168118-0,38
910,Moises,Broadwell,mbroadwellp9@foxnews.com,1,Male,HRK,3182.25,57-723-2647,AXIS,851685836-7,18
911,Caldwell,Bavridge,cbavridgepa@army.mil,25,Male,BRL,7104.38,41-147-2112,ICICI,323769322-7,6
912,Gradey,O'Hartagan,gohartaganpb@sina.com.cn,85,Male,RUB,3338.73,26-740-2911,ICICI,785771361-9,41
913,Malia,Hartmann,mhartmannpc@t.co,10,Female,CNY,8602.28,69-571-6077,AXIS,738236419-4,17
914,Nealson,Beine,nbeinepd@sina.com.cn,52,Male,USD,4913.0,42-719-2402,AXIS,983643980-3,47
915,Erroll,Fellibrand,efellibrandpe@nyu.edu,60,Male,HNL,7274.7,84-662-5345,SBI,864670201-4,39
916,Dew,Backshill,dbackshillpf@nymag.com,52,Male,BRL,8064.37,38-317-5359,ICICI,567190061-1,20
917,Jere,Gerhardt,jgerhardtpg@apache.org,61,Female,USD,4754.97,91-425-2462,SBI,692340797-4,22
918,Ingaberg,Coole,icooleph@kickstarter.com,49,Female,PHP,9629.83,35-936-5172,ICICI,793832230-X,16
919,Teressa,Sallery,tsallerypi@stumbleupon.com,62,Female,PLN,9738.04,07-229-7747,KOTAK,194466422-X,16
920,Stearne,Parfett,sparfettpj@illinois.edu,68,Male,PLN,5412.51,00-986-5503,KOTAK,387427608-2,46
921,Lorri,Hawkswell,lhawkswellpk@netvibes.com,51,Female,AFN,6679.2,72-912-2926,AXIS,155740797-5,33
922,Mart,Cooper,mcooperpl@nyu.edu,10,Male,CNY,7797.52,69-164-4393,HDFC,079715617-8,8
923,Bud,Guy,bguypm@booking.com,95,Male,VND,8783.1,97-576-5913,HDFC,774930942-X,41
924,Montague,Shinn,mshinnpn@istockphoto.com,52,Male,BRL,5560.77,42-437-2705,KOTAK,811053162-8,16
925,Devora,Ambrosini,dambrosinipo@nydailynews.com,21,Female,PLN,5787.18,31-381-6850,ICICI,776365781-2,40
926,Marci,Caberas,mcaberaspp@europa.eu,94,Female,IRR,4760.65,50-730-5541,ICICI,457665325-3,42
927,Dalston,Cholerton,dcholertonpq@patch.com,7,Male,TND,9972.24,84-575-1091,AXIS,004034471-1,18
928,Sadye,McNamee,smcnameepr@chronoengine.com,11,Female,BRL,5763.38,81-758-2107,ICICI,532421505-8,30
929,Pablo,Gouldstone,pgouldstoneps@nyu.edu,66,Male,JPY,3637.87,25-808-9592,SBI,070118058-7,18
930,Flory,Hovenden,fhovendenpt@myspace.com,38,Male,ZWL,9255.07,65-075-3911,AXIS,773514983-2,37
931,Abagael,Dimmne,adimmnepu@wsj.com,2,Female,USD,7452.52,91-956-6898,SBI,303606584-9,6
932,Eulalie,Gilbride,egilbridepv@mayoclinic.com,69,Female,IDR,8860.63,13-697-7849,ICICI,599216399-9,10
933,Chaunce,Le Merchant,clemerchantpw@deviantart.com,74,Male,CNY,9444.58,97-469-9400,ICICI,113736751-2,20
934,Marlon,Bernasek,mbernasekpx@ca.gov,28,Male,TZS,3421.46,32-133-0521,SBI,975986418-5,39
935,Anthe,MacLoughlin,amacloughlinpy@skyrock.com,3,Female,THB,7431.12,71-172-3362,ICICI,355527526-7,13
936,Mala,Shuard,mshuardpz@ftc.gov,1,Female,IRR,3662.36,18-383-8697,HDFC,841938847-5,35
937,Rickie,Marchenko,rmarchenkoq0@archive.org,56,Male,ARS,7314.53,09-620-8393,SBI,993731485-2,6
938,Guinevere,Ellse,gellseq1@mtv.com,63,Female,JOD,6217.56,68-214-8186,ICICI,168984573-2,11
939,Yvon,Size,ysizeq2@indiegogo.com,64,Male,EUR,5943.51,85-402-7568,AXIS,137061487-X,44
940,Hillary,Cockram,hcockramq3@behance.net,6,Male,VND,3619.67,69-077-6483,SBI,252803881-X,47
941,Jose,Physick,jphysickq4@newsvine.com,16,Male,BRL,6978.26,52-284-6070,AXIS,532230307-3,34
942,Dyanna,Ganforth,dganforthq5@sfgate.com,6,Female,BRL,7810.89,57-527-4887,AXIS,114770224-1,22
943,Anthiathia,Canto,acantoq6@list-manage.com,33,Female,PYG,5820.89,81-257-0342,ICICI,679442366-9,46
944,Anjela,Mackney,amackneyq7@columbia.edu,7,Female,MKD,9278.97,93-872-8585,HDFC,218018965-6,8
945,Lucho,Scanterbury,lscanterburyq8@nih.gov,54,Male,XAF,4819.53,07-705-3080,SBI,131856616-9,47
946,Evan,Andrus,eandrusq9@discuz.net,3,Male,EUR,4609.4,65-593-8361,AXIS,598658499-6,6
947,Iseabal,Endrighi,iendrighiqa@bluehost.com,53,Female,ARS,6949.27,33-106-0799,HDFC,868784557-X,47
948,Pietro,Mayler,pmaylerqb@ox.ac.uk,58,Male,CNY,4874.13,61-924-9528,KOTAK,671089046-5,18
949,Woodman,De Bruijne,wdebruijneqc@pagesperso-orange.fr,35,Male,BRL,3840.31,57-161-6827,HDFC,245370687-X,23
950,Rabbi,Underwood,runderwoodqd@furl.net,36,Male,CNY,5843.95,05-189-5110,KOTAK,777663777-7,25
951,Ash,Gowanson,agowansonqe@blogspot.com,65,Male,HUF,3068.76,00-247-9111,HDFC,875504597-9,26
952,Curtice,Ruberry,cruberryqf@japanpost.jp,76,Male,IDR,6861.56,17-166-0310,HDFC,317872489-3,50
953,Robbyn,Hurche,rhurcheqg@archive.org,31,Female,MXN,7791.83,63-572-6440,AXIS,141372892-8,32
954,Aloise,Benzing,abenzingqh@hatena.ne.jp,74,Female,MXN,3811.72,36-990-8165,KOTAK,834779535-5,8
955,Kiley,Roumier,kroumierqi@paginegialle.it,25,Female,EUR,3532.21,13-477-7772,SBI,697805725-8,31
956,Benny,Bruyntjes,bbruyntjesqj@virginia.edu,97,Male,USD,9290.18,19-724-0263,HDFC,008659437-0,23
957,Doug,Klewi,dklewiqk@harvard.edu,22,Male,RUB,4629.43,59-645-6526,AXIS,027249023-7,40
958,Frederich,Dowsing,fdowsingql@abc.net.au,85,Male,PEN,4921.74,03-658-3817,SBI,889820746-8,41
959,Sigismundo,Velte,svelteqm@quantcast.com,63,Male,IQD,9046.67,92-473-2836,KOTAK,571491082-6,43
960,Pattie,Kures,pkuresqn@parallels.com,32,Male,NGN,3310.55,37-571-3200,SBI,027620477-8,34
961,Valaria,Standell,vstandellqo@xinhuanet.com,49,Female,CAD,7888.56,20-102-0986,KOTAK,026548595-9,2
962,Myrtia,Childe,mchildeqp@prweb.com,45,Female,UAH,4500.29,06-590-8729,ICICI,510936573-3,3
963,Raphael,Prior,rpriorqq@shinystat.com,77,Male,SEK,4697.78,69-765-2562,ICICI,853513050-0,13
964,Laurianne,O'Sculley,losculleyqr@cloudflare.com,53,Female,TMT,5274.04,23-897-1553,SBI,453113059-6,10
965,Grantley,Lacase,glacaseqs@macromedia.com,86,Male,MXN,9182.46,60-839-7113,KOTAK,342572537-8,18
966,Frederick,Kitchingham,fkitchinghamqt@aboutads.info,22,Male,CNY,3030.78,74-522-1081,SBI,381404443-6,18
967,Blakeley,Muselli,bmuselliqu@geocities.com,9,Female,UAH,8057.0,76-280-1716,AXIS,423104626-3,39
968,Zonnya,Rouch,zrouchqv@ca.gov,99,Female,XAF,7703.67,23-503-5914,SBI,972784439-1,50
969,Celesta,Weild,cweildqw@vk.com,83,Female,SEK,9514.67,05-881-8319,AXIS,403682748-0,25
970,Hadleigh,Sobczak,hsobczakqx@altervista.org,78,Male,BRL,5627.14,48-829-0890,KOTAK,398977597-9,10
971,Terri,Tollet,ttolletqy@weibo.com,21,Female,RSD,7960.43,93-593-4108,SBI,414887678-5,4
972,Lindy,Gonning,lgonningqz@google.it,65,Female,CNY,5856.33,70-390-3241,HDFC,163660034-4,25
973,Lelah,Lampen,llampenr0@guardian.co.uk,67,Female,EUR,6287.57,43-020-8191,HDFC,550637905-6,24
974,Ambrosius,Bowlas,abowlasr1@mit.edu,30,Male,MXN,5051.21,42-919-0168,AXIS,934994643-2,1
975,Zabrina,Ford,zfordr2@liveinternet.ru,44,Female,THB,9047.08,57-347-0299,KOTAK,204350902-0,1
976,Shanie,Cohr,scohrr3@unc.edu,66,Female,ZAR,6470.87,38-761-4733,HDFC,558022416-8,28
977,Cairistiona,Tofful,ctoffulr4@huffingtonpost.com,26,Female,JPY,7220.3,44-089-2922,AXIS,672608767-5,28
978,Tann,Webborn,twebbornr5@slideshare.net,70,Male,CNY,9744.34,45-283-1646,ICICI,126409097-8,34
979,Demetris,Cade,dcader6@about.com,40,Female,JPY,6258.17,97-527-4326,AXIS,367582466-7,12
980,Mic,Lincey,mlinceyr7@yahoo.com,57,Male,EUR,7099.32,99-398-3467,SBI,649740873-8,25
981,Dieter,Wand,dwandr8@mapy.cz,12,Male,CNY,4849.32,21-990-6292,KOTAK,535896082-1,5
982,Gale,Smye,gsmyer9@mlb.com,86,Female,EUR,8020.22,28-672-0798,ICICI,225664162-7,43
983,Germain,Reedyhough,greedyhoughra@woothemes.com,98,Male,MXN,5411.07,19-949-1263,KOTAK,732383849-5,15
984,Brion,MacGille,bmacgillerb@gnu.org,72,Male,PHP,7171.38,99-767-4353,SBI,717690643-2,4
985,Angie,Beausang,abeausangrc@vinaora.com,94,Male,PHP,4374.23,44-254-9792,SBI,438070436-X,24
986,Maryanna,Silly,msillyrd@clickbank.net,61,Female,ARS,3400.64,83-514-8360,HDFC,323383576-0,23
987,Dory,Lamberton,dlambertonre@cornell.edu,33,Male,BAM,8194.79,16-716-2381,SBI,672205736-4,20
988,Adriane,Chmarny,achmarnyrf@ustream.tv,64,Female,EUR,8877.45,64-570-4856,HDFC,036436439-4,22
989,Aubine,Hedden,aheddenrg@umn.edu,93,Female,BRL,8468.63,90-457-8080,HDFC,743588489-8,45
990,Orlando,Kid,okidrh@addtoany.com,23,Male,XPF,4941.59,52-104-8066,HDFC,557236046-5,25
991,Olia,Doyle,odoyleri@cbslocal.com,25,Female,BAM,5206.04,53-722-9689,KOTAK,800495443-X,38
992,Henrieta,McGlashan,hmcglashanrj@eepurl.com,9,Female,UAH,5106.47,51-297-2908,AXIS,919009493-X,13
993,Kinsley,MacCague,kmaccaguerk@google.cn,82,Male,CNY,7508.0,81-882-9363,AXIS,938208497-5,25
994,Westbrook,Shale,wshalerl@dropbox.com,8,Male,MYR,8206.65,86-060-0617,KOTAK,124124443-X,36
995,Holly-anne,Govenlock,hgovenlockrm@yahoo.co.jp,1,Female,CNY,8077.57,61-431-8543,HDFC,134354070-4,19
996,Kathryn,Poleye,kpoleyern@shareasale.com,27,Female,EUR,6898.4,98-049-7377,KOTAK,637870329-9,31
997,Martin,Maddick,mmaddickro@wordpress.com,93,Male,CNY,3398.74,30-087-2044,SBI,183931561-X,4
998,Amos,McDonell,amcdonellrp@stumbleupon.com,52,Male,PHP,4475.49,23-158-8794,HDFC,163189656-3,10
999,Laurena,Southers,lsouthersrq@mysql.com,72,Female,PHP,9814.18,88-338-1389,ICICI,605104115-X,12
1000,Berry,Calterone,bcalteronerr@ihg.com,81,Female,PLN,4218.86,86-004-2183,SBI,563589840-8,8